sample_id	read1	read2	assembly_dir	contigs_sequences	contigs_ge_1000bp	contigs_total_bases	contigs_n50	contigs_longest	contigs_gc_pct	scaffolds_sequences	scaffolds_ge_1000bp	scaffolds_total_bases	scaffolds_n50	scaffolds_longest	scaffolds_gc_pct
Buck_BS0607_9_WKDL250009588-1A_233TFCLT4_L7_25x	kraken2_vibrio_subsampled_reads/subsampled_reads/Buck_BS0607_9_WKDL250009588-1A_233TFCLT4_L7_25x_1_paired.fq.gz	kraken2_vibrio_subsampled_reads/subsampled_reads/Buck_BS0607_9_WKDL250009588-1A_233TFCLT4_L7_25x_2_paired.fq.gz	assembly_filtered_subsampled_isolate/assemblies/Buck_BS0607_9_WKDL250009588-1A_233TFCLT4_L7_25x	488	98	4804105	172371	383825	46.73	478	91	4804792	214913	414232	46.72
Buck_BS0607_9_WKDL250009588-1A_233TFCLT4_L7_50x	kraken2_vibrio_subsampled_reads/subsampled_reads/Buck_BS0607_9_WKDL250009588-1A_233TFCLT4_L7_50x_1_paired.fq.gz	kraken2_vibrio_subsampled_reads/subsampled_reads/Buck_BS0607_9_WKDL250009588-1A_233TFCLT4_L7_50x_2_paired.fq.gz	assembly_filtered_subsampled_isolate/assemblies/Buck_BS0607_9_WKDL250009588-1A_233TFCLT4_L7_50x	429	95	4806347	170028	383894	46.74	419	86	4807214	180783	414802	46.73
Buck_BS0607_9_WKDL250009588-1A_233TFCLT4_L7_100x	kraken2_vibrio_subsampled_reads/subsampled_reads/Buck_BS0607_9_WKDL250009588-1A_233TFCLT4_L7_100x_1_paired.fq.gz	kraken2_vibrio_subsampled_reads/subsampled_reads/Buck_BS0607_9_WKDL250009588-1A_233TFCLT4_L7_100x_2_paired.fq.gz	assembly_filtered_subsampled_isolate/assemblies/Buck_BS0607_9_WKDL250009588-1A_233TFCLT4_L7_100x	459	90	4820096	172243	383952	46.73	451	83	4820763	180363	383952	46.72
Buck_CB0707_82_WKDL250009588-1A_233TFCLT4_L7_25x	kraken2_vibrio_subsampled_reads/subsampled_reads/Buck_CB0707_82_WKDL250009588-1A_233TFCLT4_L7_25x_1_paired.fq.gz	kraken2_vibrio_subsampled_reads/subsampled_reads/Buck_CB0707_82_WKDL250009588-1A_233TFCLT4_L7_25x_2_paired.fq.gz	assembly_filtered_subsampled_isolate/assemblies/Buck_CB0707_82_WKDL250009588-1A_233TFCLT4_L7_25x	369	109	5120052	130639	449866	46.73	360	101	5120787	138869	457650	46.72
Buck_CB0707_82_WKDL250009588-1A_233TFCLT4_L7_50x	kraken2_vibrio_subsampled_reads/subsampled_reads/Buck_CB0707_82_WKDL250009588-1A_233TFCLT4_L7_50x_1_paired.fq.gz	kraken2_vibrio_subsampled_reads/subsampled_reads/Buck_CB0707_82_WKDL250009588-1A_233TFCLT4_L7_50x_2_paired.fq.gz	assembly_filtered_subsampled_isolate/assemblies/Buck_CB0707_82_WKDL250009588-1A_233TFCLT4_L7_50x	419	104	5137489	124354	450251	46.72	412	98	5138024	153037	450251	46.72
Buck_CB0707_82_WKDL250009588-1A_233TFCLT4_L7_100x	kraken2_vibrio_subsampled_reads/subsampled_reads/Buck_CB0707_82_WKDL250009588-1A_233TFCLT4_L7_100x_1_paired.fq.gz	kraken2_vibrio_subsampled_reads/subsampled_reads/Buck_CB0707_82_WKDL250009588-1A_233TFCLT4_L7_100x_2_paired.fq.gz	assembly_filtered_subsampled_isolate/assemblies/Buck_CB0707_82_WKDL250009588-1A_233TFCLT4_L7_100x	408	101	5144950	138903	450251	46.72	399	94	5145538	153563	458214	46.71
Buck_NB0507_8_WKDL250009588-1A_233TFCLT4_L7_25x	kraken2_vibrio_subsampled_reads/subsampled_reads/Buck_NB0507_8_WKDL250009588-1A_233TFCLT4_L7_25x_1_paired.fq.gz	kraken2_vibrio_subsampled_reads/subsampled_reads/Buck_NB0507_8_WKDL250009588-1A_233TFCLT4_L7_25x_2_paired.fq.gz	assembly_filtered_subsampled_isolate/assemblies/Buck_NB0507_8_WKDL250009588-1A_233TFCLT4_L7_25x	318	80	5067289	246447	693209	46.60	305	75	5067869	413266	693209	46.59
Buck_NB0507_8_WKDL250009588-1A_233TFCLT4_L7_50x	kraken2_vibrio_subsampled_reads/subsampled_reads/Buck_NB0507_8_WKDL250009588-1A_233TFCLT4_L7_50x_1_paired.fq.gz	kraken2_vibrio_subsampled_reads/subsampled_reads/Buck_NB0507_8_WKDL250009588-1A_233TFCLT4_L7_50x_2_paired.fq.gz	assembly_filtered_subsampled_isolate/assemblies/Buck_NB0507_8_WKDL250009588-1A_233TFCLT4_L7_50x	281	71	5073643	246153	693759	46.59	275	66	5074141	413322	693759	46.59
Buck_NB0507_8_WKDL250009588-1A_233TFCLT4_L7_100x	kraken2_vibrio_subsampled_reads/subsampled_reads/Buck_NB0507_8_WKDL250009588-1A_233TFCLT4_L7_100x_1_paired.fq.gz	kraken2_vibrio_subsampled_reads/subsampled_reads/Buck_NB0507_8_WKDL250009588-1A_233TFCLT4_L7_100x_2_paired.fq.gz	assembly_filtered_subsampled_isolate/assemblies/Buck_NB0507_8_WKDL250009588-1A_233TFCLT4_L7_100x	296	63	5084175	437877	693544	46.59	292	59	5084485	437877	693544	46.59
