genome_id	genome_fasta	best_vcg_call	best_reference_allele	percent_identity	alignment_length	query_coverage	evalue	bitscore	contig_hit	hit_start	hit_end	strand	notes
mullis2019_18022	reference/expanded_vv/genomes/GCF_004215355.1_ASM421535v1_genomic.fna.gz	vcgE	AY626579.1	99.274	551	94.84	0.0	976	NZ_RCGD01000010.1	186646	187196	minus	strong_hit
mullis2019_18023	reference/expanded_vv/genomes/GCF_004215325.1_ASM421532v1_genomic.fna.gz	vcgE	AY626579.1	98.951	572	98.45	0.0	1005	NZ_RCGC01000005.1	36193	36764	minus	strong_hit
mullis2019_18024	reference/expanded_vv/genomes/GCF_004215335.1_ASM421533v1_genomic.fna.gz	vcgE	AY626579.1	98.837	516	88.81	0.0	904	NZ_RCGB01000044.1	25317	25832	plus	strong_hit
mullis2019_18025	reference/expanded_vv/genomes/GCF_004215315.1_ASM421531v1_genomic.fna.gz	vcgE	AY626579.1	98.077	572	98.45	0.0	983	NZ_RCGA01000010.1	83279	83850	plus	strong_hit
mullis2019_18026	reference/expanded_vv/genomes/GCF_004215295.1_ASM421529v1_genomic.fna.gz	vcgE	AY626579.1	98.925	558	96.04	0.0	980	NZ_RCFZ01000007.1	15761	16318	minus	strong_hit
mullis2019_18027	reference/expanded_vv/genomes/GCF_004215225.1_ASM421522v1_genomic.fna.gz	vcgE	AY626579.1	98.208	558	96.04	0.0	962	NZ_RCFY01000007.1	93482	94039	minus	strong_hit
mullis2019_18028	reference/expanded_vv/genomes/GCF_004215255.1_ASM421525v1_genomic.fna.gz	vcgE	AY626579.1	98.883	537	92.43	0.0	942	NZ_RCFX01000004.1	272843	273379	plus	strong_hit
mullis2019_18029	reference/expanded_vv/genomes/GCF_004215235.1_ASM421523v1_genomic.fna.gz	vcgE	AY626579.1	98.951	572	98.45	0.0	1005	NZ_RCFW01000017.1	72419	72990	minus	strong_hit
mullis2019_18030	reference/expanded_vv/genomes/GCF_004215215.1_ASM421521v1_genomic.fna.gz	vcgE	AY626579.1	98.951	572	98.45	0.0	1005	NZ_RCFV01000004.1	208580	209151	plus	strong_hit
mullis2019_18031	reference/expanded_vv/genomes/GCF_004215195.1_ASM421519v1_genomic.fna.gz	vcgE	AY626579.1	98.162	544	93.63	0.0	937	NZ_RCFU01000011.1	32242	32785	minus	strong_hit
mullis2019_18032	reference/expanded_vv/genomes/GCF_004215155.1_ASM421515v1_genomic.fna.gz	vcgE	AY626579.1	98.795	581	100.00	0.0	1017	NZ_RCFT01000004.1	213319	213899	plus	strong_hit
mullis2019_18033	reference/expanded_vv/genomes/GCF_004214675.1_ASM421467v1_genomic.fna.gz	vcgC	AY626578.1	98.339	542	98.37	0.0	938	NZ_RBZB01000002.1	23245	23786	minus	strong_hit
mullis2019_18034	reference/expanded_vv/genomes/GCF_004214575.1_ASM421457v1_genomic.fna.gz	vcgE	AY626579.1	98.232	509	87.61	0.0	878	NZ_RBZD01000010.1	36116	36624	minus	strong_hit
mullis2019_18035	reference/expanded_vv/genomes/GCF_004214665.1_ASM421466v1_genomic.fna.gz	vcgE	AY626579.1	99.476	572	98.45	0.0	1019	NZ_RBZH01000010.1	35657	36228	minus	strong_hit
mullis2019_18036	reference/expanded_vv/genomes/GCF_004214655.1_ASM421465v1_genomic.fna.gz	vcgE	AY626579.1	100.000	572	98.45	0.0	1032	NZ_RBZG01000002.1	272895	273466	plus	strong_hit
mullis2019_18037	reference/expanded_vv/genomes/GCF_004214595.1_ASM421459v1_genomic.fna.gz	vcgE	AY626579.1	98.601	572	98.45	0.0	996	NZ_RBZF01000001.1	189443	190014	minus	strong_hit
mullis2019_18038	reference/expanded_vv/genomes/GCF_004214625.1_ASM421462v1_genomic.fna.gz	vcgE	AY626579.1	98.601	572	98.45	0.0	996	NZ_RBZE01000001.1	100219	100790	plus	strong_hit
mullis2019_18039	reference/expanded_vv/genomes/GCF_004214755.1_ASM421475v1_genomic.fna.gz	vcgE	AY626579.1	98.951	572	98.45	0.0	1005	NZ_RBZJ01000004.1	37231	37802	minus	strong_hit
mullis2019_18040	reference/expanded_vv/genomes/GCF_004214695.1_ASM421469v1_genomic.fna.gz	vcgE	AY626579.1	98.185	551	94.84	0.0	949	NZ_RBZK01000003.1	52082	52632	minus	strong_hit
mullis2019_18041	reference/expanded_vv/genomes/GCF_004214765.1_ASM421476v1_genomic.fna.gz	vcgE	AY626579.1	99.301	572	98.45	0.0	1014	NZ_RBZL01000004.1	219396	219967	minus	strong_hit
mullis2019_18042	reference/expanded_vv/genomes/GCF_004214565.1_ASM421456v1_genomic.fna.gz	vcgC	AY626578.1	98.893	542	98.37	0.0	951	NZ_RBZC01000010.1	15186	15727	minus	strong_hit
mullis2019_18043	reference/expanded_vv/genomes/GCF_004214715.1_ASM421471v1_genomic.fna.gz	vcgE	AY626579.1	98.252	572	98.45	0.0	987	NZ_RBZI01000002.1	223776	224347	plus	strong_hit
mullis2019_18044	reference/expanded_vv/genomes/GCF_004214555.1_ASM421455v1_genomic.fna.gz	vcgE	AY626579.1	98.035	509	87.61	0.0	874	NZ_RPGM01000011.1	27855	28363	minus	strong_hit
mullis2019_18045	reference/expanded_vv/genomes/GCF_004214465.1_ASM421446v1_genomic.fna.gz	vcgE	AY626579.1	98.252	572	98.45	0.0	987	NZ_RHHD01000013.1	34905	35476	minus	strong_hit
mullis2019_18047	reference/expanded_vv/genomes/GCF_004214455.1_ASM421445v1_genomic.fna.gz	vcgE	AY626579.1	99.139	581	100.00	0.0	1026	NZ_RHHE01000012.1	33271	33851	minus	strong_hit
mullis2019_18048	reference/expanded_vv/genomes/GCF_004214525.1_ASM421452v1_genomic.fna.gz	vcgC	AY626578.1	100.000	551	100.00	0.0	994	NZ_RHHF01000006.1	15722	16272	minus	strong_hit
mullis2019_18049	reference/expanded_vv/genomes/GCF_004214355.1_ASM421435v1_genomic.fna.gz	vcgE	AY626579.1	98.730	551	94.84	0.0	963	NZ_RHHG01000003.1	278758	279308	plus	strong_hit
mullis2019_18050	reference/expanded_vv/genomes/GCF_004214385.1_ASM421438v1_genomic.fna.gz	vcgE	AY626579.1	98.208	558	96.04	0.0	962	NZ_RHHH01000004.1	38816	39373	minus	strong_hit
mullis2019_18051	reference/expanded_vv/genomes/GCF_004214475.1_ASM421447v1_genomic.fna.gz	vcgC	AY626578.1	98.054	514	93.28	0.0	883	NZ_RHHI01000002.1	53615	54128	minus	strong_hit
mullis2019_18052	reference/expanded_vv/genomes/GCF_004214395.1_ASM421439v1_genomic.fna.gz	vcgC	AY626578.1	100.000	551	100.00	0.0	994	NZ_RHHJ01000003.1	175470	176020	minus	strong_hit
mullis2019_18053	reference/expanded_vv/genomes/GCF_004214375.1_ASM421437v1_genomic.fna.gz	vcgC	AY626578.1	98.054	514	93.28	0.0	883	NZ_RPGN01000003.1	37101	37614	minus	strong_hit
mullis2019_18054	reference/expanded_vv/genomes/GCF_004214365.1_ASM421436v1_genomic.fna.gz	vcgE	AY626579.1	98.951	572	98.45	0.0	1005	NZ_RHHK01000003.1	271966	272537	plus	strong_hit
mullis2019_18055	reference/expanded_vv/genomes/GCF_004214495.1_ASM421449v1_genomic.fna.gz	vcgE	AY626579.1	98.428	509	87.61	0.0	883	NZ_RHHL01000002.1	156721	157229	minus	strong_hit
mullis2019_18056	reference/expanded_vv/genomes/GCF_004215005.1_ASM421500v1_genomic.fna.gz	vcgC	AY626578.1	99.432	528	95.83	0.0	937	NZ_RBWJ01000003.1	184092	184617	minus	strong_hit
mullis2019_18057	reference/expanded_vv/genomes/GCF_004215045.1_ASM421504v1_genomic.fna.gz	vcgE	AY626579.1	99.274	551	94.84	0.0	976	NZ_RBWK01000056.1	186972	187522	minus	strong_hit
mullis2019_18058	reference/expanded_vv/genomes/GCF_004215035.1_ASM421503v1_genomic.fna.gz	vcgE	AY626579.1	98.428	509	87.61	0.0	883	NZ_RBWL01000002.1	156714	157222	minus	strong_hit
mullis2019_18059	reference/expanded_vv/genomes/GCF_004214995.1_ASM421499v1_genomic.fna.gz	vcgE	AY626579.1	98.776	572	98.45	0.0	1001	NZ_RBWM01000006.1	84569	85140	plus	strong_hit
mullis2019_18060	reference/expanded_vv/genomes/GCF_004215015.1_ASM421501v1_genomic.fna.gz	vcgC	AY626578.1	98.273	521	94.56	0.0	900	NZ_RBWN01000003.1	188185	188705	minus	strong_hit
mullis2019_18061	reference/expanded_vv/genomes/GCF_004215095.1_ASM421509v1_genomic.fna.gz	vcgE	AY626579.1	98.795	581	100.00	0.0	1017	NZ_RBWO01000006.1	320987	321567	plus	strong_hit
mullis2019_18062	reference/expanded_vv/genomes/GCF_004215105.1_ASM421510v1_genomic.fna.gz	vcgC	AY626578.1	98.339	542	98.37	0.0	938	NZ_RBWP01000004.1	172102	172643	minus	strong_hit
mullis2019_18063	reference/expanded_vv/genomes/GCF_004215135.1_ASM421513v1_genomic.fna.gz	vcgE	AY626579.1	99.274	551	94.84	0.0	976	NZ_RBWQ01000054.1	186972	187522	minus	strong_hit
mullis2019_18064	reference/expanded_vv/genomes/GCF_004215145.1_ASM421514v1_genomic.fna.gz	vcgC	AY626578.1	98.339	542	98.37	0.0	938	NZ_RBWR01000001.1	66914	67455	plus	strong_hit
buck_BS0607_9_50x	assembly_filtered_subsampled_isolate/assemblies/Buck_BS0607_9_WKDL250009588-1A_233TFCLT4_L7_50x/scaffolds.fasta	vcgE	AY626579.1	98.795	581	100.00	0.0	1017	NODE_14_length_115354_cov_26.192684	99379	99959	plus	strong_hit;known_buck_call_confirmed_vcgE
buck_CB0707_82_25x	assembly_filtered_subsampled_isolate/assemblies/Buck_CB0707_82_WKDL250009588-1A_233TFCLT4_L7_25x/scaffolds.fasta	vcgC	AY626578.1	100.000	551	100.00	0.0	994	NODE_4_length_346514_cov_8.255657	266437	266987	plus	strong_hit;known_buck_call_confirmed_vcgC
buck_NB0507_8_100x	assembly_filtered_subsampled_isolate/assemblies/Buck_NB0507_8_WKDL250009588-1A_233TFCLT4_L7_100x/scaffolds.fasta	vcgE	AY626579.1	98.795	581	100.00	0.0	1017	NODE_10_length_140597_cov_47.520858	29607	30187	minus	strong_hit;known_buck_call_confirmed_vcgE
atcc_27562	reference/v_vulnificus_ref.fasta	vcgE	AY626579.1	98.252	572	98.45	0.0	987	NZ_CP012881.1	1216952	1217523	plus	strong_hit
