query_id	v_alginolyticus	valginolyticus_e110	valginolyticus_v208	valginolyticus_zj_0	valginolyticus_hlbs_07	vdiabolicus_fa3	vdiabolicus_fdaargos_105	vdiabolicus_zf102	vdiabolicus_mzt14	vdiabolicus_3098	vostreicida_cect_7398	vostreicida_ucd_kl16	v_ostreicida_PP203	v_ostreicida_r172	v_parahaemolyticus	vpara_atcc_17802	vpara_vp18	vpara_lvp2	vpara_2012aw_0154	v_vulnificus	vv_7356	vv_env1	vv_2142_77	vv_24_vb00699	vcidicii_2423_01	vcidicii_vc01	vcidicii_2020rz130	vcidicii_pnusav005519	vcidicii_2538_88	vnavarrensis_atcc_51183	vnavarrensis_20_vb00237	vnavarrensis_2462_79	vnavarrensis_08_2462	vnavarrensis_pnusav006652	mullis2019_18022	mullis2019_18023	mullis2019_18024	mullis2019_18025	mullis2019_18026	mullis2019_18027	mullis2019_18028	mullis2019_18029	mullis2019_18030	mullis2019_18031	mullis2019_18032	mullis2019_18033	mullis2019_18034	mullis2019_18035	mullis2019_18036	mullis2019_18037	mullis2019_18038	mullis2019_18039	mullis2019_18040	mullis2019_18041	mullis2019_18042	mullis2019_18043	mullis2019_18044	mullis2019_18045	mullis2019_18047	mullis2019_18048	mullis2019_18049	mullis2019_18050	mullis2019_18051	mullis2019_18052	mullis2019_18053	mullis2019_18054	mullis2019_18055	mullis2019_18056	mullis2019_18057	mullis2019_18058	mullis2019_18059	mullis2019_18060	mullis2019_18061	mullis2019_18062	mullis2019_18063	mullis2019_18064	Buck_BI0607_1_WKDL250009588-1A_233TFCLT4_L7	Buck_BI0607_2_WKDL250009588-1A_233TFCLT4_L7	Buck_BS0607_9_WKDL250009588-1A_233TFCLT4_L7	Buck_CB0707_82_WKDL250009588-1A_233TFCLT4_L7	Buck_NB0507_14_WKDL250009588-1A_233TFCLT4_L7	Buck_NB0507_8_WKDL250009588-1A_233TFCLT4_L7
v_alginolyticus	100.0000	98.5372	98.4431	98.4651	98.4131	92.6842	92.7365	92.6090	92.6974	92.7743	NA	NA	NA	NA	86.1747	86.1938	86.1533	86.1130	86.2517	80.5791	80.4387	80.8147	80.6172	80.5239	79.8867	79.9534	79.3864	79.3713	79.3025	79.8501	79.7070	79.8964	79.9483	79.2604	80.1616	80.0690	80.0238	80.1206	80.1207	80.1071	80.1524	80.0423	80.0314	80.1830	80.1918	80.1489	80.0860	80.1542	80.0814	80.2174	80.1384	80.0514	80.1567	80.1739	79.9359	80.1754	80.2155	80.1624	80.0790	80.1436	80.2505	80.3185	80.1139	80.2511	79.9586	80.0709	80.1683	80.2298	80.1685	80.1993	80.2401	80.1030	80.1376	80.0858	80.1791	80.0835	79.2261	NA	NA	80.1665	89.6792	80.0595
valginolyticus_e110	98.5286	100.0000	98.4451	98.4575	98.4510	92.6650	92.7860	92.6268	92.7168	92.8094	NA	NA	NA	NA	86.2190	86.2150	86.2852	86.1853	86.2338	80.7064	80.6543	80.7464	80.6311	80.5748	80.1031	80.0544	79.5171	79.3432	79.3701	79.8789	79.7616	80.1217	80.0344	79.4423	80.2562	80.2216	80.0734	80.1632	80.2241	80.2972	80.2559	80.1123	80.1901	80.2495	80.1917	80.0987	80.1981	80.3033	80.2222	80.2654	80.1817	80.1736	80.2220	80.2848	80.1132	80.3236	80.1130	80.2139	80.2342	80.1246	80.2480	80.3855	80.1423	80.1808	80.1213	80.1643	80.2286	80.2889	80.2977	80.3192	80.2662	80.1559	80.3295	80.1337	80.3304	80.0752	79.1911	NA	NA	80.0443	89.9134	80.1231
valginolyticus_v208	98.4446	98.4097	100.0000	98.2887	98.5296	92.5752	92.6057	92.4795	92.5713	92.6597	NA	NA	NA	NA	86.3066	86.2275	86.2876	86.1616	86.3697	81.1250	80.7728	80.9128	80.4465	80.6764	79.9049	80.3301	79.8239	79.5673	79.6600	79.8992	79.8689	80.1896	80.3060	79.6031	80.2840	80.3260	80.2144	80.4742	80.2355	80.3301	80.4138	80.2439	80.3015	80.3325	80.3008	80.2361	80.2623	80.4203	80.3085	80.3513	80.3081	80.2974	80.3788	80.4176	80.0563	80.3680	80.3566	80.4206	80.3452	80.1394	80.3364	80.3886	80.2469	80.2038	80.2204	80.3209	80.2845	80.2206	80.3593	80.2622	80.4354	80.1775	80.4545	80.2082	80.3216	80.2923	79.6569	NA	NA	80.0957	89.7582	80.2532
valginolyticus_zj_0	98.4532	98.4125	98.3469	100.0000	98.3472	92.6229	92.7208	92.6179	92.6764	92.8054	NA	NA	NA	NA	86.3010	86.1790	86.4368	86.1794	86.3006	80.5105	80.3771	80.5633	80.2851	80.5785	79.9051	79.9568	79.5599	79.4394	79.4984	79.9739	79.7921	80.3551	80.1349	79.3869	80.0570	80.0337	80.1272	80.2142	80.1175	80.1168	80.0084	79.9119	80.0879	80.1673	80.0478	79.9084	80.0857	80.1232	79.9985	80.0776	80.0486	80.0155	80.0557	80.5829	79.9300	80.1177	80.0567	79.9868	80.1758	79.9447	80.0608	80.2678	79.8716	79.9956	79.9922	80.0817	80.0689	80.0140	80.1310	80.0963	80.0751	80.0569	79.9922	79.8439	80.1767	79.9770	79.1798	NA	NA	79.8545	89.7299	79.9091
valginolyticus_hlbs_07	98.4411	98.4273	98.5023	98.3148	100.0000	92.6458	92.7194	92.6534	92.6889	92.7958	NA	NA	NA	NA	86.3827	86.3755	86.3538	86.3355	86.3795	80.8701	80.4624	80.8259	80.7725	80.7968	80.1442	80.0633	79.4454	79.3886	79.4005	79.8522	79.9456	80.1987	80.0781	79.4071	80.3325	80.2207	80.1096	80.2815	80.2336	80.1430	80.4022	80.0371	80.2243	80.2454	80.2264	80.2850	80.3428	80.3256	80.3702	80.2311	80.2656	80.1869	80.4810	80.1192	80.2587	80.3471	80.4663	80.3110	80.2886	80.3146	80.2386	80.3941	80.2969	80.3197	80.1706	80.3389	80.2736	80.3201	80.3797	80.3181	80.2366	80.2549	80.2773	80.0983	80.3979	80.2141	79.2837	NA	NA	80.2688	89.6910	80.1374
vdiabolicus_fa3	92.6461	92.6858	92.5534	92.6517	92.6129	100.0000	98.0765	97.9887	98.1469	97.9104	NA	NA	NA	NA	87.0830	87.0606	87.1752	87.0238	86.9803	80.7457	80.5308	80.6597	80.7674	80.5839	80.0569	80.2098	79.6093	79.4873	79.4848	80.0809	79.8487	80.2192	80.0927	79.6306	80.2300	80.0871	80.1388	80.1402	80.2144	80.0755	80.1895	80.1708	80.1020	80.2361	80.0456	80.0625	80.3068	80.1838	80.3403	80.1659	80.1865	80.1193	80.1625	80.2004	80.0462	80.2756	80.1193	80.1458	80.0831	80.2696	80.0288	80.1638	80.1884	80.3039	80.2906	80.2621	80.1664	80.0793	80.3046	80.1749	80.0265	80.2539	80.4006	80.1503	80.2849	80.1065	79.4262	NA	NA	80.1362	94.9631	80.2365
vdiabolicus_fdaargos_105	92.6746	92.7369	92.5697	92.6731	92.7008	98.0770	100.0000	97.9781	98.0762	97.9307	NA	NA	NA	NA	86.8649	87.0538	86.8238	86.9641	86.9945	80.7315	80.5617	80.7493	80.8109	80.6817	80.0586	79.8912	79.6737	79.5731	79.4977	79.6826	79.8366	79.8191	80.1603	79.6552	80.2861	80.1257	80.0939	80.1643	80.2157	80.2765	80.1916	80.0517	80.2477	80.2447	80.2430	80.1898	80.1298	80.1280	80.3180	80.2672	80.2634	80.1419	80.1779	80.2992	80.1925	80.1532	80.1830	80.1768	80.1363	80.2190	80.2529	80.2268	80.2065	80.2765	80.3000	80.2957	80.2362	80.2233	80.3671	80.2663	80.2564	80.2150	80.2453	80.3652	80.4161	80.0678	79.4753	NA	NA	80.2236	94.7158	80.0831
vdiabolicus_zf102	92.5859	92.5664	92.6289	92.5852	92.5567	97.9744	97.9792	100.0000	98.0356	98.5746	NA	NA	NA	NA	87.1694	87.0749	86.9633	86.9357	86.9817	80.6605	80.4785	80.7003	80.6949	80.7377	80.2801	80.2155	79.6827	79.5455	79.6267	80.0506	79.7323	80.1206	80.2322	79.6943	80.1855	80.0540	80.0441	80.0806	80.1142	80.1437	80.2319	80.1461	79.9753	80.1843	79.9744	80.2329	80.1700	80.3203	80.0900	80.1481	80.2143	80.0109	80.3000	80.1622	80.2085	80.3015	80.2570	80.1481	80.1886	80.3019	80.0593	80.3782	80.2309	80.3144	80.2064	80.1839	80.2061	80.2540	80.2502	80.1720	80.1024	80.2546	80.3034	80.2056	80.2413	80.1979	79.6038	NA	NA	80.2113	94.3792	80.1322
vdiabolicus_mzt14	92.6018	92.6386	92.5298	92.5679	92.6333	98.1868	98.0599	98.0179	100.0000	97.9281	NA	NA	NA	NA	87.0539	86.9793	87.0945	87.0152	87.0630	80.5715	80.6601	80.6356	80.5592	80.6088	80.1447	80.0832	79.6520	79.4288	79.4590	79.7405	79.8983	79.9599	79.9913	79.7355	80.3964	80.2908	80.1678	80.2567	80.3362	80.3322	80.3434	80.1198	80.3694	80.2115	80.2699	80.2025	80.3409	80.2607	80.2709	80.3739	80.4364	80.3450	80.2946	80.3956	80.1112	80.3041	80.2588	80.3428	80.1953	80.2640	80.2306	80.4298	80.2820	80.3402	80.3170	80.3207	80.2623	80.2522	80.4739	80.2582	80.2484	80.3042	80.3252	80.3265	80.4772	80.1128	79.3911	NA	NA	80.1585	94.9248	80.1860
vdiabolicus_3098	92.7732	92.8001	92.7619	92.7957	92.8034	97.9111	97.9394	98.6371	97.9757	100.0000	NA	NA	NA	NA	87.0296	87.0723	86.9680	86.9842	86.9694	80.7154	80.9049	80.7481	80.8071	80.7497	80.0701	80.0035	79.4959	79.5002	79.5097	80.0278	79.8528	79.8715	80.0889	79.5389	80.3996	80.4892	80.1499	80.1663	80.2137	80.1975	80.2410	80.2887	80.4419	80.2626	80.2571	80.2646	80.2555	80.4649	80.1378	80.3323	80.2784	80.4078	80.1974	80.1915	80.3951	80.2690	80.3241	80.1939	80.2083	80.4753	80.5229	80.4850	80.1971	80.3634	80.2938	80.1349	80.1816	80.4130	80.4791	80.2125	80.3487	80.2289	80.4317	80.2526	80.4431	80.2810	79.5534	NA	NA	80.2664	94.5352	80.1608
vostreicida_cect_7398	NA	NA	NA	NA	NA	NA	NA	NA	NA	NA	100.0000	99.5087	99.9759	99.4078	NA	NA	NA	NA	NA	NA	NA	NA	NA	NA	NA	NA	NA	NA	NA	NA	NA	NA	NA	NA	NA	NA	NA	NA	NA	NA	NA	NA	NA	NA	NA	NA	NA	NA	NA	NA	NA	NA	NA	NA	NA	NA	NA	NA	NA	NA	NA	NA	NA	NA	NA	NA	NA	NA	NA	NA	NA	NA	NA	NA	NA	NA	NA	NA	NA	NA	NA	NA
vostreicida_ucd_kl16	NA	NA	NA	NA	NA	NA	NA	NA	NA	NA	99.5070	100.0000	99.5039	99.4595	NA	NA	NA	NA	NA	NA	NA	NA	NA	NA	NA	NA	NA	NA	NA	NA	NA	NA	NA	NA	NA	NA	NA	NA	NA	NA	NA	NA	NA	NA	NA	NA	NA	NA	NA	NA	NA	NA	NA	NA	NA	NA	NA	NA	NA	NA	NA	NA	NA	NA	NA	NA	NA	NA	NA	NA	NA	NA	NA	NA	NA	NA	NA	NA	NA	NA	NA	NA
v_ostreicida_PP203	NA	NA	NA	NA	NA	NA	NA	NA	NA	NA	99.9957	99.5345	99.9822	99.4317	NA	NA	NA	NA	NA	NA	NA	NA	NA	NA	NA	NA	NA	NA	NA	NA	NA	NA	NA	NA	NA	NA	NA	NA	NA	NA	NA	NA	NA	NA	NA	NA	NA	NA	NA	NA	NA	NA	NA	NA	NA	NA	NA	NA	NA	NA	NA	NA	NA	NA	NA	NA	NA	NA	NA	NA	NA	NA	NA	NA	NA	NA	NA	NA	NA	NA	NA	NA
v_ostreicida_r172	NA	NA	NA	NA	NA	NA	NA	NA	NA	NA	99.4270	99.4296	99.4812	100.0000	NA	NA	NA	NA	NA	NA	NA	NA	NA	NA	NA	NA	NA	NA	NA	NA	NA	NA	NA	NA	NA	NA	NA	NA	NA	NA	NA	NA	NA	NA	NA	NA	NA	NA	NA	NA	NA	NA	NA	NA	NA	NA	NA	NA	NA	NA	NA	NA	NA	NA	NA	NA	NA	NA	NA	NA	NA	NA	NA	NA	NA	NA	NA	NA	NA	NA	NA	NA
v_parahaemolyticus	86.2593	86.4094	86.3452	86.3999	86.4654	87.1129	86.9997	87.2733	87.1301	87.1659	NA	NA	NA	NA	100.0000	98.4068	98.1489	98.3038	98.2737	81.0586	81.0507	80.8500	80.9989	80.7748	80.0651	80.1035	79.7015	79.6115	79.5612	80.0704	80.2169	80.0287	80.0558	79.4959	80.4209	80.4809	80.3766	80.4867	80.5190	80.4478	80.4439	80.4680	80.3982	80.5217	80.4789	80.5380	80.6086	80.3374	80.4865	80.5018	80.4944	80.4869	80.4674	80.5582	80.4118	80.4510	80.5244	80.4777	80.4682	80.5865	80.5861	80.4362	80.3401	80.5760	80.5032	80.5832	80.4155	80.4817	80.5071	80.4154	80.4606	80.5655	80.6943	80.5770	80.5468	80.4727	79.4709	NA	NA	80.4063	85.3222	80.4922
vpara_atcc_17802	86.1341	86.1885	86.1840	86.0523	86.2230	86.9710	87.1058	87.0602	87.0529	86.9404	NA	NA	NA	NA	98.3833	100.0000	98.1719	98.2880	98.2504	80.8644	80.6616	80.7858	80.8559	80.7351	80.1706	80.2223	79.7949	79.6589	79.6841	79.9552	80.0406	80.2085	80.2422	79.6201	80.5406	80.3513	80.1903	80.2551	80.3338	80.2061	80.3363	80.3580	80.2855	80.4357	80.4304	80.4516	80.3291	80.3119	80.4168	80.2637	80.2566	80.3736	80.3986	80.4355	80.3030	80.4007	80.3263	80.3087	80.3981	80.3694	80.4214	80.4563	80.2758	80.2412	80.4425	80.4658	80.3480	80.3706	80.5707	80.3678	80.3993	80.5329	80.4028	80.3884	80.5638	80.4420	79.5601	NA	79.8057	80.2350	85.0584	80.3114
vpara_vp18	86.2241	86.3064	86.2555	86.4493	86.3188	87.1123	86.9022	86.9026	87.1769	86.9233	NA	NA	NA	NA	98.1404	98.1358	100.0000	98.0333	98.2288	81.0280	80.8230	81.0462	80.9561	81.1225	80.2419	80.2496	80.1264	79.6718	79.6838	80.3185	80.2833	80.3051	80.2042	79.8538	80.6942	80.4935	80.4135	80.5243	80.5282	80.5709	80.5246	80.5115	80.4392	80.6287	80.5990	80.5482	80.6019	80.3671	80.6326	80.6784	80.4748	80.4727	80.4925	81.1095	80.3539	80.4330	80.6440	80.5192	80.4076	80.6043	80.5281	80.4839	80.3894	80.6007	80.4037	80.5178	80.4194	80.4760	80.7175	80.4394	80.4847	80.2895	80.6830	80.5816	80.6860	80.6160	79.5891	NA	NA	80.5821	85.3537	80.6150
vpara_lvp2	86.1428	86.2379	86.2271	86.1452	86.1465	87.0006	86.9072	87.0814	87.1219	86.9235	NA	NA	NA	NA	98.2604	98.2592	98.0549	100.0000	98.1649	80.8641	80.6101	80.7089	80.9784	80.7267	80.0976	80.1003	79.8119	79.6444	79.6740	80.0161	79.8966	80.0725	80.2029	79.5738	80.3912	80.2092	80.1992	80.7110	80.2701	80.3001	80.1904	80.3830	80.1770	80.4319	80.3242	80.6067	80.4447	79.9679	80.3562	80.2229	80.2873	80.2257	80.1948	80.4360	80.2978	80.2014	80.3988	80.2477	80.1803	80.4546	80.2900	80.3423	80.2860	80.4541	80.6297	80.2724	80.1660	80.5111	80.4850	80.1563	80.2750	80.6253	80.5769	80.5797	80.4841	80.5148	79.2512	NA	NA	80.2608	85.3104	80.4738
vpara_2012aw_0154	86.2421	86.2024	86.5863	86.2409	86.2903	87.0041	87.0738	87.1130	87.1069	87.0168	NA	NA	NA	NA	98.2634	98.1641	98.2408	98.2193	100.0000	80.9806	80.7726	80.9322	80.8746	80.9398	80.1171	80.1972	79.7639	79.5582	79.6755	79.7073	79.6899	80.1180	80.1497	79.5650	80.5386	80.4972	80.4851	80.3341	80.5925	80.4792	80.5653	80.5563	80.3179	80.6135	80.4798	80.3093	80.6057	80.3178	80.6328	80.2995	80.2840	80.4277	80.4951	80.5094	80.4805	80.4036	80.4880	80.4673	80.3715	80.3830	80.6027	80.5584	80.3173	80.3107	80.4632	80.6439	80.4339	80.4113	80.6278	80.4146	80.4423	81.6181	80.7316	80.4975	80.6202	80.4791	79.4476	NA	NA	80.2776	85.1854	80.6749
v_vulnificus	80.7794	80.6702	81.0667	80.6987	80.7445	80.7341	80.9333	80.7032	80.6736	80.6730	NA	NA	NA	NA	80.8155	80.8332	80.8645	80.6340	80.9816	100.0000	97.1010	98.5394	95.6149	96.5011	82.4007	82.1732	81.7323	81.8716	82.0089	81.3898	81.4987	81.2509	81.5768	81.1958	98.3593	98.4491	98.3898	98.1858	98.5149	98.4874	98.5018	98.3285	98.5070	98.4688	98.5861	95.3238	98.2699	98.3979	98.5535	98.3450	98.3153	98.4677	98.4923	98.2908	95.3692	98.4531	98.3450	98.4302	98.4717	95.6817	98.6234	98.3242	95.4182	95.6609	95.4452	98.6434	98.4578	95.5274	98.3623	98.4275	98.5344	95.4425	98.2514	95.3665	98.3556	95.3019	92.5972	97.2596	97.6904	95.6481	95.4786	98.2111
vv_7356	80.6783	80.6014	80.8979	80.5496	80.6794	80.5588	80.5078	80.6939	80.5897	80.8948	NA	NA	NA	NA	80.9065	80.6784	81.0162	80.7460	80.7701	97.0761	100.0000	97.1157	96.4783	96.6955	81.7998	81.7341	81.4908	81.5838	81.4791	81.2778	81.4436	81.0977	81.1482	80.7935	97.0251	97.0540	97.1039	96.9182	97.0528	97.0567	97.0309	96.9794	97.0965	97.0627	97.0958	96.2286	97.1297	96.9574	97.0176	96.9642	96.9277	97.0674	97.1259	96.9501	96.4197	97.0183	97.0637	97.1233	97.0689	96.5291	97.1332	97.1525	96.4590	96.5107	96.4858	97.0795	96.9521	96.5274	97.0770	96.9560	97.1089	96.4921	96.9999	96.4246	97.0743	96.2580	91.9169	96.2726	96.3056	96.4653	94.2324	96.9793
vv_env1	80.7161	80.7280	80.7669	80.6054	80.8277	80.7018	80.7143	80.8023	80.6002	80.5889	NA	NA	NA	NA	80.6659	80.9491	80.8505	80.5818	80.8004	98.5619	97.1663	100.0000	95.6226	96.4873	82.1088	82.1447	81.7501	81.7805	81.8483	81.4752	81.6580	81.3584	81.5603	81.2959	98.4582	98.5990	98.4643	98.3406	98.6839	98.6271	98.5198	98.3695	98.6045	98.5586	98.5774	95.3352	98.3461	98.4599	98.6463	98.4125	98.4205	98.5897	98.5423	98.3376	95.3749	98.4586	98.4105	98.4635	98.5511	95.6856	98.5929	98.3007	95.3891	95.6593	95.4318	98.6717	98.4629	95.4923	98.4326	98.4608	98.5545	95.4890	98.2580	95.3777	98.4174	95.2750	92.6044	97.0818	97.8145	95.6888	95.4757	98.2407
vv_2142_77	80.7143	80.7398	80.6103	80.5237	80.6464	80.6535	80.7159	80.5459	80.5942	80.5887	NA	NA	NA	NA	81.0790	80.9749	81.0197	81.1128	80.9856	95.5849	96.5529	95.5259	100.0000	96.9633	81.9774	81.8644	81.4091	81.4566	81.3550	81.3239	81.4655	81.4131	81.5074	81.2098	95.6155	95.6158	95.6227	95.7495	95.5052	95.5629	95.5674	95.5214	95.7123	95.5556	95.6023	97.8199	95.5919	95.5401	95.5423	95.4300	95.5126	95.6627	95.5163	95.6595	97.9319	95.4869	95.5381	95.5215	95.5361	99.2274	95.6705	95.6659	97.9692	99.1801	97.9466	95.5533	95.4486	98.0833	95.6671	95.4914	95.6022	98.0811	95.4664	98.0457	95.6507	97.8076	91.2507	95.7095	95.0546	99.1182	93.7160	95.4521
vv_24_vb00699	80.7447	80.5862	80.8571	80.6186	80.9235	80.7843	80.7851	80.7287	80.8022	80.5965	NA	NA	NA	NA	80.7363	80.9797	81.0345	80.8327	80.9695	96.3817	96.7093	96.3630	96.9469	100.0000	82.3072	82.0384	81.6071	81.6573	81.5992	81.3426	81.8638	81.3794	81.4413	81.2020	96.3721	96.3587	96.4111	96.4175	96.3068	96.3721	96.3135	96.3591	96.3665	96.4047	96.4110	96.8262	96.3001	96.3192	96.3236	96.2721	96.3128	96.3798	96.3879	96.3777	96.9534	96.3680	96.3576	96.3707	96.3807	96.8772	96.4232	96.4059	97.0424	96.9558	97.0149	96.3350	96.3285	97.0259	96.3317	96.3153	96.3569	97.0422	96.2796	97.0102	96.3175	96.8614	91.4129	95.8046	95.7698	96.8641	93.8523	96.2904
vcidicii_2423_01	79.9046	79.9511	80.0641	80.0723	80.2057	79.8552	80.0004	80.3788	80.0175	80.1031	NA	NA	NA	NA	80.2689	80.4178	80.3876	80.2829	80.3500	82.3836	82.0213	82.1321	81.9336	82.1426	100.0000	98.2091	98.0879	98.1605	98.0372	95.2122	94.2042	95.3911	95.4809	95.7323	81.8787	81.8839	81.8692	81.7268	81.7857	81.8626	81.8100	81.7202	81.8532	81.7727	81.9034	81.3978	81.8162	81.6482	81.8916	81.6577	81.6219	81.8942	81.7300	81.5706	81.3992	81.7636	81.7739	81.8279	81.7971	81.5826	82.0014	81.9995	81.3559	81.6308	81.4329	81.7624	81.7384	81.4872	82.0166	81.7856	81.8364	81.3630	81.8400	81.3662	82.0273	81.4225	97.8176	83.0990	82.4594	81.8695	81.7657	81.8075
vcidicii_vc01	80.2487	80.2249	80.3686	80.2786	80.2882	80.2424	80.0111	80.4185	80.1820	80.0027	NA	NA	NA	NA	80.1526	80.3544	80.5969	80.2463	80.5474	82.4021	81.9019	82.4434	82.0344	82.1779	98.2689	100.0000	98.0662	98.1107	97.9674	95.3210	94.0887	95.4448	95.6088	95.7006	82.0176	81.9950	81.8368	81.7731	82.0285	81.9824	82.1883	81.8925	81.9419	81.9833	82.0246	81.6803	81.8906	81.8043	81.8975	81.8438	81.8338	81.9035	81.8914	81.8515	81.6779	81.9281	82.0140	81.8429	81.9022	81.9059	82.2204	82.0674	81.5988	81.7977	81.5762	81.9047	81.8915	81.6897	81.9363	81.8744	81.9768	81.4404	82.0261	81.4710	81.9357	81.6738	97.8471	83.3745	82.8572	81.9868	82.0450	82.1259
vcidicii_2020rz130	79.2557	79.5680	79.7426	79.4811	79.3855	79.4600	79.5481	79.6880	79.4897	79.4641	NA	NA	NA	NA	79.6800	79.7338	80.0062	79.8615	79.7312	81.7170	81.6573	81.7718	81.4603	81.6627	98.1313	98.0842	100.0000	98.0709	98.1303	95.2244	94.0950	95.4675	95.4760	95.5872	81.7616	81.8089	81.6264	81.8458	81.6586	81.7819	81.8526	81.6730	81.7496	81.7197	81.7534	81.7126	81.7677	81.6542	81.7107	81.6266	81.6467	81.8435	81.6483	81.7091	81.3960	81.8058	81.7383	81.6747	81.6375	81.4241	81.6840	81.6757	81.5566	81.4543	81.3584	81.7521	81.6738	81.6020	81.8179	81.7532	81.7185	81.5485	81.7362	81.5557	81.8308	81.7577	97.9216	83.0551	82.5221	81.6168	82.0994	81.7920
vcidicii_pnusav005519	79.3031	79.4304	79.5334	79.2505	79.4333	79.5334	79.4518	79.5567	79.4468	79.4829	NA	NA	NA	NA	79.5971	79.7898	79.7634	79.7252	79.6941	81.7959	81.6065	81.5961	81.4924	81.7579	98.1825	98.1012	98.2063	100.0000	98.1548	95.2902	94.1578	95.3889	95.5571	95.6884	81.5928	81.8364	81.6289	81.7722	81.7108	81.5960	81.7130	81.7967	81.7520	81.7530	81.6252	81.5043	81.7292	81.4490	81.8982	81.5877	81.5862	81.8012	81.8277	81.6062	81.6118	81.6407	81.6653	81.6289	81.6681	81.5607	81.9139	81.8308	81.3801	81.5449	81.4455	81.7098	81.6990	81.4626	81.5406	81.7166	81.8838	81.4080	81.8527	81.3218	81.5353	81.5622	97.9269	83.1671	82.4317	81.7834	81.8383	81.8940
vcidicii_2538_88	79.4327	79.4670	79.6390	79.4354	79.5833	79.7272	79.5427	79.7108	79.5078	79.5965	NA	NA	NA	NA	79.6903	79.7796	79.6851	79.6911	79.7578	81.8232	81.5336	81.8811	81.4865	81.6802	98.0883	97.9765	98.2294	98.1399	100.0000	95.2075	94.0587	95.3875	95.4886	95.7220	81.8535	81.9469	81.7900	81.7478	81.8344	81.7937	81.9565	81.7734	81.8952	81.8441	81.9666	81.4688	81.7963	81.6838	81.8693	81.7703	81.7622	81.8624	81.7505	81.8114	81.3231	81.8512	81.8363	81.7822	81.8041	81.6286	82.1211	81.9204	81.4302	81.6226	81.3060	81.8809	81.7370	81.4904	81.8140	81.7196	81.9602	81.3990	81.7803	81.3850	81.8110	81.4567	98.0795	83.2362	82.5889	81.7685	81.8311	81.8746
vnavarrensis_atcc_51183	79.7056	79.8594	79.9350	79.9051	79.9045	79.9973	79.8486	79.9782	79.8832	79.7867	NA	NA	NA	NA	80.0029	80.0440	80.3070	80.0136	79.9507	81.4269	81.5118	81.5048	81.3097	81.4887	95.3653	95.2873	95.2719	95.3047	95.3085	100.0000	94.9514	97.5260	97.0655	97.0839	81.1002	81.1872	81.1579	81.0371	80.9673	81.0797	81.1076	81.2449	81.0877	81.1564	81.0064	81.2632	81.0779	80.9977	81.2562	81.1643	81.0627	81.2841	80.9833	81.0666	81.0586	80.9668	81.1207	80.9986	81.0993	80.9647	81.0793	81.0851	80.9837	81.0031	80.9268	81.1788	81.0610	80.9658	81.2503	81.0666	81.1034	80.8907	81.0011	80.9012	81.2397	81.1617	94.9881	81.9685	81.5742	81.1724	80.8997	80.9786
vnavarrensis_20_vb00237	79.8561	79.8785	79.9867	80.0594	80.0265	79.7394	79.8662	79.9368	79.9151	79.7305	NA	NA	NA	NA	80.0828	80.0749	80.1323	79.8347	79.8980	81.7245	81.5512	81.7748	81.5017	82.2883	94.1408	93.8934	94.0700	94.1385	93.9795	94.8085	100.0000	94.9134	94.7604	94.9348	81.3831	81.5430	81.2066	81.1557	81.2906	81.5340	81.4016	81.2762	81.5546	81.3927	81.3712	81.2259	81.3878	81.3104	81.4448	81.2825	81.2611	81.5400	81.1884	81.2580	81.3255	81.3248	81.3904	81.1870	81.2784	81.1856	81.2810	81.2696	81.2962	81.3890	81.2898	81.4504	81.1737	81.2233	81.4282	81.1927	81.3903	81.1941	81.3526	81.2186	81.4449	81.1888	93.6637	NA	81.7154	81.4395	80.7729	81.3985
vnavarrensis_2462_79	80.0340	79.9563	80.0256	80.1732	80.1904	80.1340	80.0620	79.9910	80.0849	79.8488	NA	NA	NA	NA	80.0560	80.3386	80.1685	80.0834	79.8893	81.3908	81.3028	81.3553	81.3766	81.5686	95.3511	95.3607	95.3700	95.3647	95.3636	97.4332	94.9150	100.0000	97.1587	97.2574	81.1977	81.2012	81.0193	81.0423	81.0750	81.1997	81.1538	81.1524	81.1377	81.1805	81.1129	81.3235	81.0617	81.1661	81.0516	81.0580	81.0509	81.0979	80.9918	81.1048	81.2041	81.0922	81.1147	81.0853	81.0594	81.2257	80.9588	81.1366	81.1193	81.2590	81.0942	81.2244	81.0619	81.0597	81.2030	81.0592	81.1981	81.0588	81.2047	81.1508	81.2231	81.2340	94.9345	81.9395	81.5606	81.2849	80.8342	81.1269
vnavarrensis_08_2462	80.2042	80.3030	80.1002	80.0610	80.2595	80.4067	80.1932	80.4963	80.3134	80.2909	NA	NA	NA	NA	80.1995	80.4501	80.3372	80.1370	80.2727	81.4982	81.2702	81.4906	81.6233	81.4318	95.5500	95.6663	95.5383	95.5254	95.5267	97.0444	94.8880	97.1756	100.0000	97.8336	81.2726	81.2347	81.1365	81.0363	81.2064	81.1589	81.1887	81.2030	81.1577	81.1618	81.2575	81.2825	81.2525	80.9305	81.3000	80.9851	80.9456	81.2268	81.0450	81.1272	81.2687	81.1215	81.2654	81.0975	81.0321	81.3866	81.1452	81.1566	81.1725	81.3512	81.2384	81.2083	81.0952	81.2458	81.2994	81.0835	81.1869	81.2116	81.2578	81.1431	81.2908	81.2866	95.3391	82.0607	81.8621	81.4061	81.2321	81.3397
vnavarrensis_pnusav006652	79.4740	79.5652	79.7932	79.4400	79.4623	79.4756	79.6999	79.5707	79.6567	79.5061	NA	NA	NA	NA	79.5538	79.6863	79.9626	79.7047	79.5678	81.1224	80.9348	81.0782	81.1209	81.2000	95.6820	95.6531	95.6641	95.6102	95.7299	97.0895	94.8848	97.2812	97.7696	100.0000	81.1430	81.0648	81.1337	81.0669	81.0988	81.0844	81.0773	81.1199	81.0879	81.0954	81.0936	81.0789	81.0569	81.1147	81.0852	81.1538	81.2268	81.0120	81.0967	81.0421	81.1710	81.1135	81.1747	81.0084	81.0998	81.0600	81.0501	81.0040	81.0328	81.0619	81.1361	81.1770	81.1022	81.1045	81.2942	81.0690	81.1079	81.1904	81.1112	81.3351	81.2889	81.1597	95.4491	82.1086	81.5075	81.1831	81.0527	81.1132
mullis2019_18022	80.2399	80.3138	80.2485	80.1665	80.4218	80.0710	80.2501	80.3041	80.2110	80.0858	NA	NA	NA	NA	80.5606	80.5543	80.6621	80.5605	80.6409	98.3189	97.0796	98.3862	95.6946	96.3837	81.8879	81.8153	81.5466	81.6163	81.7860	81.1162	81.2562	81.3472	81.2248	81.2765	100.0000	98.3760	98.4358	98.2649	98.4062	98.3959	98.3751	98.2236	98.3857	98.4090	98.4587	95.4364	98.2155	98.3979	98.4367	98.3487	98.3062	98.4504	98.4451	98.2803	95.4596	98.4104	98.2317	98.3389	98.4505	95.7589	98.4418	98.1936	95.5073	95.7692	95.5608	98.4486	98.3835	95.5851	99.9794	98.3387	98.4603	95.5524	98.1938	95.4717	99.9782	95.3691	92.6859	97.2559	97.6973	95.7334	95.3174	98.1461
mullis2019_18023	80.2278	80.1614	80.2324	80.0822	80.1721	80.0608	80.0738	80.1503	80.1107	80.1930	NA	NA	NA	NA	80.3365	80.3344	80.3571	80.1803	80.4280	98.4928	97.0830	98.5482	95.6404	96.4368	81.7137	81.6660	81.6574	81.7101	81.6540	80.9997	81.3521	80.9311	81.1404	80.9926	98.3585	100.0000	98.3262	98.2425	98.5080	98.5314	98.6092	98.3303	99.9676	98.4740	99.0595	95.4270	98.2632	98.4720	98.6332	98.3786	98.3705	99.9864	98.5419	98.2327	95.4333	98.4867	98.4184	98.4836	98.4775	95.7491	99.0787	98.3271	95.5158	95.7128	95.5500	98.5558	98.5520	95.5872	98.4012	98.5327	99.1060	95.5648	98.2877	95.4844	98.3908	95.3904	92.6009	97.2165	98.2476	95.7742	95.4504	98.2465
mullis2019_18024	80.1423	80.1726	80.0469	80.3119	80.1919	80.1731	80.0378	80.0831	80.2573	80.0720	NA	NA	NA	NA	80.3329	80.3179	80.4402	80.3293	80.4289	98.4615	97.1551	98.4645	95.6695	96.5283	81.9204	81.7863	81.6603	81.8386	81.7970	81.2771	81.2735	81.0687	81.2592	81.1172	98.4283	98.4147	100.0000	98.2351	98.5099	98.3998	98.4495	98.3429	98.4573	98.4237	98.5559	95.3847	98.4022	98.3924	98.4175	98.3652	98.3324	98.4261	98.4698	98.3229	95.4552	98.4221	98.4040	98.4222	98.4584	95.7322	98.5250	98.2868	95.5131	95.7077	95.5167	98.4853	98.4507	95.5397	98.4276	98.4610	98.4857	95.5214	98.3613	95.4460	98.4276	95.3878	92.4956	97.1183	97.5712	95.7287	95.3140	98.3581
mullis2019_18025	80.4072	80.3769	80.4391	80.3676	80.3862	80.1552	80.1515	80.4057	80.1806	80.2224	NA	NA	NA	NA	80.5309	80.3446	80.4716	80.7150	80.4858	98.2068	96.9424	98.2519	95.6705	96.3543	81.7054	81.7567	81.6820	81.8983	81.6982	81.0789	81.0949	81.0073	81.2644	81.1771	98.1886	98.1855	98.1987	100.0000	98.1907	98.2307	98.1795	98.1375	98.1871	98.1207	98.2603	95.3516	98.3344	98.2076	98.2775	98.0617	98.1107	98.1862	98.2491	98.1183	95.4677	98.2497	98.0731	98.1908	98.3363	95.7951	98.1905	98.0875	95.5358	95.7878	95.5535	98.2893	98.2432	95.6381	98.1674	98.2676	98.2672	95.5701	98.4619	95.5680	98.1695	95.3944	92.5095	97.0902	97.5672	95.8184	95.3833	98.4380
mullis2019_18026	79.9706	80.0879	80.0100	80.0398	80.0744	80.1385	80.2949	80.1433	80.1775	80.1737	NA	NA	NA	NA	80.3380	80.2915	80.5048	80.3662	80.3796	98.5351	97.1163	98.6682	95.5427	96.4379	81.8683	81.7825	81.5586	81.7226	81.7284	81.0629	81.3393	80.9535	81.1158	81.1333	98.3851	98.5507	98.4216	98.2989	100.0000	98.6107	98.4738	98.4223	98.5071	98.6248	98.5776	95.3942	98.3366	98.5059	98.6345	98.4115	98.4331	98.5112	98.5568	98.3446	95.4040	98.4761	98.5025	98.4775	98.5038	95.6779	98.6378	98.3170	95.4812	95.6735	95.5343	98.5965	98.5383	95.5386	98.3696	98.5234	98.5786	95.4894	98.3586	95.3657	98.3648	95.3356	92.5782	97.1969	97.7597	95.7067	95.2867	98.3306
mullis2019_18027	80.1368	80.1788	80.1280	80.1371	80.1276	80.1319	80.2744	80.2229	80.1866	80.1092	NA	NA	NA	NA	80.4050	80.4546	80.4929	80.4278	80.4056	98.5219	97.1088	98.6633	95.7091	96.5078	81.7715	81.7597	81.6457	81.7430	81.6460	81.1163	81.3781	81.0981	81.1986	81.1889	98.3917	98.5524	98.4452	98.2199	98.6277	100.0000	98.5660	98.3357	98.5583	98.5866	98.6043	95.3413	98.2911	98.4727	98.5391	98.3544	98.3709	98.5701	98.4922	98.2747	95.4402	98.4040	98.3917	98.4332	98.5241	95.6951	98.5914	98.3224	95.4785	95.7082	95.5065	98.6061	98.4426	95.5627	98.3665	98.4573	98.5647	95.4734	98.2935	95.4199	98.3911	95.3671	92.6149	97.2779	97.9052	95.7297	95.4327	98.2596
mullis2019_18028	80.3016	80.2368	80.4569	80.3224	80.3650	80.2988	80.4258	80.1750	80.2885	80.1523	NA	NA	NA	NA	80.2914	80.3855	80.3893	80.3488	80.4627	98.5562	97.1500	98.5250	95.6674	96.4254	81.8049	81.9529	81.7147	81.8736	81.8968	81.0528	81.3048	81.0935	81.1086	81.1244	98.3903	98.6057	98.4544	98.2941	98.5181	98.5287	100.0000	98.3321	98.5970	98.5503	98.6999	95.3123	98.2767	98.4995	98.6157	98.3813	98.4149	98.5961	98.5444	98.3286	95.4472	98.4430	98.3503	98.4006	98.4998	95.6853	98.7449	98.3671	95.4760	95.6891	95.4762	98.5831	98.4642	95.6174	98.3806	98.4794	98.6650	95.5097	98.2783	95.4624	98.3950	95.3251	92.6775	97.2743	97.8270	95.6982	95.4456	98.2598
mullis2019_18029	80.1212	80.1601	80.1888	80.0605	80.2957	80.0934	80.1076	80.1231	80.1682	80.2564	NA	NA	NA	NA	80.4595	80.3706	80.4405	80.4091	80.5745	98.3106	97.0734	98.3852	95.5945	96.4174	81.8003	81.7530	81.5072	81.6950	81.7237	81.0337	81.2537	80.9746	81.1887	81.1090	98.2030	98.3188	98.3632	98.2237	98.3644	98.3137	98.3422	100.0000	98.3213	98.3634	98.4439	95.3951	98.2578	98.2490	98.4137	98.5373	98.5490	98.3351	98.3462	98.2094	95.3870	98.2848	98.2891	98.2717	98.3602	95.6001	98.4425	98.2688	95.4095	95.5879	95.4517	98.3651	98.3225	95.5884	98.2474	98.3741	98.3806	95.4947	98.2476	95.3969	98.2443	95.3873	92.4680	97.0387	97.5670	95.6167	95.0676	98.2311
mullis2019_18030	80.3939	80.3837	80.4965	80.3838	80.4150	80.2490	80.4212	80.3070	80.2850	80.3892	NA	NA	NA	NA	80.3985	80.3619	80.4561	80.3948	80.3850	98.4684	97.1183	98.5785	95.7047	96.4566	81.7645	81.8090	81.7776	81.8498	81.8163	81.0992	81.5246	81.0719	81.1862	81.1222	98.3501	99.9904	98.3881	98.2189	98.4842	98.4789	98.6043	98.3118	100.0000	98.4707	99.0664	95.4625	98.2343	98.4601	98.6172	98.3888	98.3684	99.9883	98.5540	98.2781	95.4266	98.4641	98.3561	98.4630	98.4710	95.7386	99.0566	98.3523	95.5329	95.7430	95.5629	98.5728	98.5298	95.6505	98.3498	98.5577	99.1121	95.5375	98.2527	95.4725	98.3638	95.4384	92.7354	97.3929	98.3618	95.7647	95.5911	98.2751
mullis2019_18031	80.2523	80.1868	80.1502	80.2027	80.1367	80.1648	80.2262	80.2635	80.1242	80.1239	NA	NA	NA	NA	80.5584	80.5292	80.7087	80.5172	80.5637	98.5127	97.1882	98.6128	95.6272	96.4113	81.9435	81.8632	81.6401	81.7926	81.9514	81.1222	81.5246	81.1825	81.2326	81.3325	98.4574	98.5181	98.4581	98.2508	98.5911	98.5617	98.5741	98.3404	98.5468	100.0000	98.6250	95.4365	98.3073	98.5055	98.6075	98.3873	98.3851	98.5384	98.5300	98.3233	95.4744	98.4446	98.4406	98.4791	98.5134	95.6944	98.6077	98.3104	95.4924	95.7172	95.5080	98.6337	98.5120	95.6129	98.4290	98.5326	98.6222	95.5547	98.2043	95.4243	98.4302	95.4014	92.5861	97.0389	97.7707	95.7205	95.4080	98.2661
mullis2019_18032	80.3862	80.2696	80.3821	80.2509	80.3114	80.3212	80.3931	80.3169	80.2366	80.3014	NA	NA	NA	NA	80.3788	80.3179	80.5480	80.4190	80.4410	98.6357	97.1643	98.6785	95.6918	96.5346	81.8663	82.0806	81.7085	81.9111	81.9675	81.0601	81.3523	81.0900	81.1851	81.0549	98.4817	99.0835	98.4892	98.2564	98.5956	98.5849	98.7132	98.4693	99.0698	98.5435	100.0000	95.3626	98.3618	98.4926	98.6956	98.4695	98.4052	99.1042	98.5809	98.4103	95.3805	98.5309	98.4903	98.5644	98.5470	95.7251	99.2077	98.4243	95.4534	95.7099	95.4928	98.6908	98.5796	95.5123	98.4761	98.5619	99.6358	95.5015	98.4083	95.4869	98.4714	95.3613	93.1431	97.7121	99.0502	95.7488	96.1550	98.3891
mullis2019_18033	80.1219	80.1390	80.4723	80.0712	80.2342	80.0147	80.1444	80.1345	80.1373	80.0715	NA	NA	NA	NA	80.5261	80.5446	80.5925	80.5983	80.3917	95.3280	96.3281	95.2819	97.7793	96.8887	81.3821	81.4090	81.6123	81.4415	81.4577	81.1360	81.1072	81.2303	81.2023	81.2144	95.3434	95.3791	95.3726	95.3783	95.2477	95.2952	95.2923	95.3250	95.3828	95.3336	95.3515	100.0000	95.2756	95.2549	95.3216	95.2182	95.2250	95.3942	95.2708	95.3738	98.0244	95.2391	95.3821	95.2836	95.3249	97.7977	95.3312	95.3615	98.0563	97.8157	98.0181	95.2669	95.2476	98.0028	95.3868	95.2189	95.3500	98.0917	95.1776	98.0484	95.3764	99.9764	90.9383	95.0964	94.6893	97.7603	93.1388	95.1845
mullis2019_18034	80.1029	80.2037	80.2055	80.0594	80.5198	80.1823	80.0063	80.0797	80.1171	80.0643	NA	NA	NA	NA	80.5718	80.4318	80.6607	80.4256	80.5458	98.2864	97.1695	98.3424	95.6479	96.4258	81.8950	81.9436	81.7359	81.8577	81.8228	81.1074	81.4218	80.9705	81.2752	81.2476	98.2841	98.2873	98.3447	98.4260	98.3290	98.2918	98.2277	98.2435	98.3370	98.3123	98.3965	95.3417	100.0000	98.2678	98.3513	98.3150	98.3237	98.3125	98.3720	98.2440	95.4469	98.3039	98.2488	98.2846	98.3870	95.6654	98.3879	98.2524	95.4312	95.6752	95.5493	98.3684	98.3583	95.5400	98.2184	98.3608	98.3360	95.5357	98.4517	95.4239	98.2194	95.3771	92.7553	97.2230	97.7188	95.7172	95.4008	98.4717
mullis2019_18035	80.2559	80.2741	80.2755	80.1773	80.2409	80.1746	80.1298	80.1745	79.9484	80.3128	NA	NA	NA	NA	80.3276	80.4422	80.4487	80.2856	80.3731	98.3548	96.9139	98.4193	95.5559	96.3919	81.7153	81.6630	81.4735	81.4413	81.5880	81.0293	81.2489	81.0872	81.0394	81.1709	98.3832	98.4457	98.3391	98.1959	98.4733	98.4286	98.4109	98.2810	98.5081	98.4418	98.4791	95.3575	98.2834	100.0000	98.4584	98.3507	98.3398	98.4859	98.8241	98.2203	95.3293	98.7974	98.3095	98.7814	98.9455	95.6792	98.4900	98.2626	95.4379	95.6177	95.4871	98.5662	98.7458	95.5469	98.3550	98.7210	98.4544	95.4582	98.2842	95.3918	98.3723	95.3351	92.4391	97.0956	97.6049	95.6294	95.5548	98.2287
mullis2019_18036	80.1129	80.1397	80.2842	80.0805	80.3282	80.2370	80.3084	80.1995	80.0933	80.1999	NA	NA	NA	NA	80.5052	80.3855	80.6140	80.3507	80.5099	98.5091	97.0546	98.6332	95.6476	96.4527	81.7393	81.6181	81.4827	81.6868	81.6961	81.1568	81.2489	80.9256	81.1408	81.2018	98.4062	98.5758	98.3872	98.3468	98.6361	98.5861	98.6110	98.4224	98.6329	98.6112	98.6731	95.3369	98.3567	98.4517	100.0000	98.3856	98.3901	98.5912	98.5560	98.3496	95.4582	98.5042	98.4617	98.4702	98.5332	95.6500	98.6410	98.3664	95.4402	95.6780	95.4775	98.6984	98.5605	95.5139	98.4629	98.5557	98.6345	95.4763	98.4196	95.4437	98.4513	95.3394	92.6967	97.2100	97.7127	95.6773	95.5643	98.3555
mullis2019_18037	80.1516	80.1357	80.3678	80.0958	80.1327	80.1822	80.2274	80.2664	80.2240	80.2076	NA	NA	NA	NA	80.2844	80.2344	80.5383	80.2822	80.1827	98.3780	96.9883	98.4196	95.5464	96.3458	81.6354	81.7047	81.5287	81.6709	81.7612	81.0345	81.2241	80.8640	81.1142	81.1455	98.3556	98.4207	98.3897	98.0922	98.4192	98.3820	98.4246	98.5385	98.4253	98.4106	98.4746	95.2806	98.3293	98.2670	98.4163	100.0000	99.8713	98.3944	98.4457	98.2072	95.3019	98.4530	98.3357	98.4712	98.4382	95.5955	98.5127	98.2185	95.3907	95.5802	95.4131	98.4677	98.5054	95.4591	98.3637	98.4183	98.4754	95.3908	98.3670	95.3098	98.3636	95.3266	92.2580	96.8647	97.5477	95.6183	95.2140	98.3350
mullis2019_18038	80.1370	80.2156	80.4056	80.1014	80.2439	80.1147	80.1888	80.1649	80.1655	80.0702	NA	NA	NA	NA	80.2096	80.1515	80.2017	80.1760	80.1399	98.3458	96.9925	98.4216	95.5197	96.3884	81.5650	81.7447	81.5713	81.6172	81.7296	81.0175	81.1369	80.9442	81.0654	81.3002	98.3398	98.3857	98.3327	98.1775	98.3711	98.3392	98.3755	98.5128	98.3749	98.3924	98.4642	95.2937	98.3614	98.3089	98.3520	99.8659	100.0000	98.4027	98.4760	98.1874	95.3329	98.4751	98.3252	98.4075	98.4734	95.5988	98.4621	98.2811	95.3852	95.5798	95.4033	98.4396	98.4569	95.4274	98.3189	98.4160	98.4264	95.4445	98.3851	95.3235	98.3185	95.2882	92.3413	96.8924	97.3693	95.5710	95.1488	98.3345
mullis2019_18039	80.2242	80.3096	80.3413	80.2604	80.3359	80.1063	80.2316	80.2496	80.2506	80.3243	NA	NA	NA	NA	80.3508	80.3059	80.4900	80.2444	80.3717	98.4986	97.0963	98.5988	95.7222	96.4154	81.8795	81.7608	81.5644	81.7221	81.6867	81.1055	81.4167	80.9571	81.1414	81.0525	98.3662	99.9853	98.3481	98.2199	98.5204	98.5305	98.6094	98.3364	99.9795	98.5103	99.0828	95.3831	98.2766	98.4740	98.6670	98.3606	98.3729	100.0000	98.5065	98.2493	95.4836	98.4517	98.3929	98.4716	98.4860	95.7600	99.0765	98.3207	95.5094	95.7123	95.5252	98.6104	98.5311	95.5655	98.3898	98.5354	99.0997	95.5469	98.3036	95.5155	98.3972	95.3867	92.6957	97.2830	98.3453	95.7872	95.3626	98.2607
mullis2019_18040	80.2000	80.2776	80.0960	80.1403	80.4145	80.1010	80.1983	80.2150	80.1884	80.0901	NA	NA	NA	NA	80.3483	80.3837	80.5347	80.2502	80.3903	98.4652	97.0680	98.5578	95.6070	96.4367	81.7476	81.8552	81.5074	81.8532	81.5995	81.0909	81.1355	81.0040	81.1108	81.0260	98.4026	98.5629	98.4817	98.3185	98.5973	98.5025	98.5532	98.3187	98.6026	98.5007	98.5858	95.3575	98.3939	98.8362	98.5296	98.4294	98.4430	98.6284	100.0000	98.3023	95.3642	99.3290	98.4578	99.3361	98.9070	95.7063	98.5734	98.3815	95.3785	95.6906	95.4811	98.5547	99.3638	95.4710	98.3732	99.3778	98.5786	95.4651	98.3614	95.4185	98.3811	95.3641	92.6196	97.1497	97.8785	95.6961	95.4185	98.3420
mullis2019_18041	80.0562	80.1383	80.1669	80.6505	80.0670	80.1501	80.2093	80.0660	80.2905	80.0830	NA	NA	NA	NA	80.4144	80.5465	81.1803	80.6307	80.5215	98.2775	96.9336	98.3556	95.6502	96.4002	81.6362	81.6607	81.6176	81.5212	81.5803	81.0892	81.3211	81.0389	81.0020	80.8749	98.2626	98.2207	98.2188	98.0959	98.3193	98.3109	98.2421	98.1990	98.2471	98.2632	98.3809	95.4690	98.2372	98.1856	98.3505	98.2616	98.2114	98.2259	98.3144	100.0000	95.3976	98.2633	98.2533	98.2091	98.2563	95.8712	98.3556	98.1638	95.4620	95.8114	95.5973	98.3363	98.3018	95.5501	98.2265	98.3011	98.2942	95.5776	98.2227	95.4867	98.2250	95.4586	92.3884	97.0787	97.5502	95.8334	95.2136	98.1717
mullis2019_18042	80.1888	80.1687	80.2838	80.0686	80.1665	80.2460	80.2663	80.3646	80.1975	80.3098	NA	NA	NA	NA	80.3720	80.3120	80.3384	80.2385	80.4418	95.3439	96.4485	95.3723	97.9346	97.0359	81.4306	81.5536	81.3930	81.4865	81.3547	81.0798	81.1941	81.0429	81.3199	81.3231	95.5175	95.4394	95.4066	95.4926	95.4137	95.4077	95.4107	95.3873	95.4443	95.4234	95.3729	97.9736	95.4346	95.3546	95.3641	95.3437	95.3512	95.4162	95.3261	95.4391	100.0000	95.3477	95.4380	95.3313	95.3599	97.9391	95.4218	95.5518	98.4782	97.9326	98.1570	95.3665	95.3219	98.1087	95.4781	95.3044	95.3667	98.1529	95.3510	98.1892	95.4727	97.9963	91.1887	95.3596	94.7242	97.8884	93.3170	95.2771
mullis2019_18043	80.2320	80.4766	80.4698	80.2678	80.2823	80.1546	80.2621	80.2508	80.1562	80.0928	NA	NA	NA	NA	80.4386	80.5522	80.4231	80.4103	80.4034	98.4229	97.1645	98.4667	95.5932	96.3825	81.6993	81.5742	81.5338	81.5216	81.5547	80.9198	81.0760	81.0688	81.0019	80.9883	98.3564	98.4904	98.3851	98.3175	98.5549	98.4308	98.4590	98.2876	98.5054	98.4371	98.5106	95.3532	98.3303	98.8250	98.5073	98.4424	98.4827	98.5014	99.3528	98.3051	95.3229	100.0000	98.3911	99.2255	98.8395	95.6906	98.4953	98.3303	95.3947	95.6394	95.4551	98.5786	99.3245	95.5072	98.3743	99.3257	98.4698	95.4532	98.4117	95.3603	98.3748	95.3446	92.5447	97.1323	97.7220	95.6746	95.4492	98.3486
mullis2019_18044	80.3184	80.2252	80.3654	80.2662	80.5163	80.0368	80.2908	80.1465	80.1544	80.1038	NA	NA	NA	NA	80.4206	80.3468	80.5887	80.4574	80.3442	98.3496	97.0254	98.4370	95.5606	96.4431	81.9495	81.7541	81.5537	81.7280	81.8131	81.0307	81.4424	81.2196	81.3400	81.2690	98.2854	98.3861	98.3736	98.1358	98.4519	98.4160	98.3637	98.3099	98.4226	98.3806	98.4471	95.4055	98.2630	98.3871	98.4959	98.3491	98.3197	98.4337	98.4093	98.2325	95.4587	98.3588	100.0000	98.3677	98.3656	95.7508	98.4894	98.2713	95.5068	95.7427	95.5733	98.4888	98.3850	95.5596	98.2967	98.3867	98.4237	95.5511	98.2082	95.5013	98.2924	95.3958	92.6186	97.0779	97.7248	95.7526	95.3763	98.2127
mullis2019_18045	80.1830	80.2107	80.3655	80.0422	80.3436	80.2285	80.3156	80.2238	80.1561	80.1686	NA	NA	NA	NA	80.3128	80.3773	80.3370	80.3964	80.3929	98.4309	97.1232	98.4756	95.6158	96.4017	81.8532	81.7388	81.6653	81.7377	81.7711	81.1317	81.3203	81.0388	81.2614	81.0661	98.2798	98.5227	98.3800	98.2754	98.5088	98.4514	98.4420	98.2826	98.5455	98.4408	98.5123	95.3721	98.2593	98.8127	98.5119	98.4257	98.3657	98.5322	99.3403	98.2063	95.4040	99.2045	98.3960	100.0000	98.7971	95.6736	98.5366	98.3587	95.4246	95.6153	95.5093	98.5490	99.2050	95.5346	98.3355	99.1998	98.4976	95.4813	98.3168	95.4486	98.3430	95.3674	92.7022	97.1234	97.7282	95.6674	95.5082	98.3083
mullis2019_18047	80.2007	80.1701	80.2861	80.2391	80.3131	80.2283	80.1073	80.2922	80.2925	80.1793	NA	NA	NA	NA	80.2048	80.3551	80.2884	80.2489	80.2368	98.4798	97.0963	98.5457	95.5994	96.4925	81.7547	81.6639	81.5305	81.6991	81.7755	81.0011	81.2900	81.0754	81.1916	81.0413	98.4066	98.4260	98.4321	98.3808	98.4662	98.4346	98.4986	98.3422	98.4532	98.4894	98.5026	95.4095	98.3215	98.9548	98.5457	98.4082	98.4886	98.4140	98.9334	98.3263	95.4258	98.8578	98.3886	98.8237	100.0000	95.6558	98.4913	98.3333	95.4795	95.6325	95.5273	98.5310	98.9090	95.5181	98.4324	98.9566	98.4923	95.4698	98.3791	95.4075	98.4300	95.3812	92.4354	97.0748	97.5404	95.6690	95.5320	98.3938
mullis2019_18048	80.4079	80.2214	80.3178	80.1447	80.3071	80.2528	80.1860	80.5742	80.1927	80.3199	NA	NA	NA	NA	80.5163	80.5420	80.7137	80.6294	80.5481	95.6047	96.5680	95.6534	99.1721	96.9471	81.8298	81.8335	81.5423	81.8422	81.7899	81.0668	81.3641	81.1931	81.3442	81.3177	95.6669	95.6824	95.6889	95.7940	95.6440	95.6339	95.6632	95.5501	95.7041	95.6603	95.6501	97.7626	95.6698	95.6102	95.5988	95.5222	95.5734	95.6948	95.6834	95.7851	97.9152	95.5779	95.7216	95.6066	95.6724	100.0000	95.7256	95.8305	97.9158	99.9846	97.9890	95.5715	95.5526	98.0453	95.7380	95.5522	95.6824	98.0183	95.5325	97.9901	95.7433	97.8259	91.7908	96.1294	95.1855	99.9285	94.3120	95.5901
mullis2019_18049	80.1282	80.2505	80.2041	80.0904	80.1159	80.1771	80.2246	80.0406	80.0651	80.2491	NA	NA	NA	NA	80.3537	80.3901	80.5711	80.3372	80.3583	98.6359	97.1797	98.6241	95.6862	96.4713	82.0100	81.9989	81.6164	81.8654	82.0815	80.9268	81.3136	80.9247	81.1150	81.0331	98.4611	99.0956	98.4790	98.3063	98.6410	98.5740	98.7096	98.4518	99.1100	98.5583	99.2024	95.4262	98.3953	98.5065	98.6439	98.4403	98.4162	99.0940	98.5729	98.4047	95.4330	98.5407	98.5323	98.4937	98.5137	95.7315	100.0000	98.4555	95.4923	95.7502	95.5440	98.6880	98.5655	95.6332	98.4839	98.6087	99.2086	95.4906	98.4288	95.4514	98.4840	95.4267	92.9224	97.4212	98.4188	95.8039	95.6620	98.3886
mullis2019_18050	80.2313	80.2299	80.3438	80.1713	80.3332	80.1490	80.0560	80.1139	79.9862	80.0782	NA	NA	NA	NA	80.2339	80.3208	80.4480	80.3340	80.3173	98.3182	97.1740	98.3252	95.6599	96.4149	81.9134	81.9444	81.4949	81.8684	81.8666	80.9614	81.1814	80.9122	81.2475	80.9576	98.2711	98.3567	98.3262	98.1512	98.3378	98.2947	98.3921	98.2482	98.3152	98.3867	98.3985	95.4350	98.3195	98.2939	98.3937	98.2557	98.2921	98.3903	98.3327	98.1883	95.4910	98.3521	98.2792	98.2933	98.3970	95.7827	98.4245	100.0000	95.5109	95.7911	95.5994	98.4111	98.3763	95.6129	98.2744	98.3557	98.4141	95.6053	98.2007	95.4647	98.2740	95.3941	92.5785	97.0930	97.7617	95.8629	95.4485	98.2138
mullis2019_18051	80.2604	80.2174	80.3653	80.1583	80.2410	80.0875	80.1439	80.2791	80.2930	80.2309	NA	NA	NA	NA	80.3137	80.5337	80.5280	80.3491	80.5155	95.3986	96.4180	95.4385	97.9833	97.0472	81.5229	81.5844	81.5609	81.4856	81.5485	81.0423	81.2546	81.0959	81.1059	81.1744	95.4664	95.4558	95.4645	95.5212	95.4573	95.4517	95.4458	95.4298	95.5117	95.4457	95.4319	97.9988	95.4180	95.3890	95.3708	95.3541	95.3398	95.4899	95.3592	95.4691	98.5020	95.3588	95.4980	95.4019	95.3918	97.8937	95.4383	95.4840	100.0000	97.9021	98.1852	95.2648	95.3354	98.1292	95.4002	95.3544	95.3950	98.1456	95.3499	98.1602	95.4066	98.0693	91.1290	95.3632	94.7488	97.9056	93.3836	95.3045
mullis2019_18052	80.3624	80.2809	80.2459	80.2543	80.3111	80.1929	80.2826	80.4547	80.2944	80.4031	NA	NA	NA	NA	80.6240	80.6592	80.6871	80.7759	80.4734	95.6029	96.5534	95.5773	99.1860	96.9210	81.8213	81.8315	81.5003	81.4947	81.6020	81.0670	81.4303	81.0388	81.3030	81.1677	95.6647	95.6262	95.6854	95.7580	95.6195	95.6434	95.6580	95.5512	95.6539	95.6632	95.6418	97.7781	95.6504	95.6145	95.5932	95.5455	95.6055	95.6960	95.6670	95.7624	97.9002	95.5879	95.7443	95.6261	95.6795	99.9838	95.6970	95.8450	97.9620	100.0000	97.9955	95.5844	95.5688	98.0296	95.6951	95.5840	95.6647	98.0161	95.5473	98.0474	95.6870	97.8141	91.6431	96.2619	95.2313	99.9385	94.1481	95.6375
mullis2019_18053	80.2551	80.1671	80.2880	80.1436	80.1334	80.4169	80.3574	80.3284	80.2847	80.2042	NA	NA	NA	NA	80.4116	80.5937	80.5682	80.5661	80.5622	95.3929	96.5232	95.4482	98.0050	97.0849	81.5539	81.4796	81.4237	81.4409	81.4474	81.0399	81.1810	81.1668	81.2293	81.1459	95.5390	95.4610	95.4526	95.5873	95.5125	95.4770	95.4670	95.3905	95.4866	95.5051	95.4725	97.9990	95.4484	95.4050	95.4276	95.3595	95.3861	95.4900	95.3903	95.5793	98.1283	95.4336	95.5730	95.4440	95.3878	98.0228	95.5185	95.5974	98.2228	98.0043	100.0000	95.4100	95.3557	98.1370	95.5261	95.3621	95.4476	98.5153	95.3385	98.1897	95.5326	98.0226	91.0118	95.4130	94.9310	97.9653	93.3255	95.3539
mullis2019_18054	80.2256	80.2876	80.3868	80.2205	80.3179	80.2176	80.2877	80.2113	80.3572	80.1924	NA	NA	NA	NA	80.5191	80.5492	80.6889	80.4574	80.5237	98.5984	97.1855	98.6926	95.5601	96.4119	81.8425	81.7090	81.6592	81.7481	81.7119	81.1343	81.4629	81.1665	81.2326	81.0946	98.5002	98.6073	98.5134	98.3504	98.6524	98.6302	98.5849	98.4512	98.5820	98.6023	98.6775	95.3925	98.3836	98.5988	98.7111	98.4308	98.4386	98.6392	98.5753	98.4261	95.3692	98.5843	98.5076	98.5717	98.5953	95.6146	98.6618	98.3978	95.3797	95.6923	95.4821	100.0000	98.6106	95.5192	98.5006	98.6305	98.6418	95.4728	98.3435	95.3890	98.4984	95.3366	92.4955	97.2591	97.8424	95.6484	95.5506	98.2997
mullis2019_18055	80.2428	80.2838	80.2011	80.1842	80.3381	79.8818	80.1708	80.0988	80.1089	80.0433	NA	NA	NA	NA	80.2173	80.3473	80.3526	80.3687	80.3646	98.5201	97.1269	98.5582	95.5484	96.3748	81.7909	81.7007	81.6354	81.9115	81.7706	81.0569	81.2561	81.0460	81.2420	81.1799	98.3719	98.5436	98.4346	98.3471	98.5354	98.4931	98.5275	98.3481	98.5479	98.4755	98.5483	95.3266	98.3467	98.7506	98.5400	98.4793	98.4510	98.6039	99.3975	98.3252	95.3020	99.3342	98.4486	99.2055	98.9087	95.6329	98.6038	98.4225	95.3889	95.6257	95.5100	98.6404	100.0000	95.4692	98.3785	99.9797	98.5483	95.4190	98.4145	95.3237	98.4165	95.3435	92.8700	97.1799	97.7416	95.6517	95.4646	98.3766
mullis2019_18056	80.2076	80.1569	80.2623	80.1230	80.1959	80.0975	80.1038	80.2315	80.1777	80.2060	NA	NA	NA	NA	80.3959	80.5121	80.5676	80.4667	80.4298	95.5885	96.6123	95.5248	98.0674	97.0682	81.5417	81.5577	81.6156	81.5757	81.5076	80.9878	81.1483	81.0151	81.0995	81.0749	95.6438	95.6326	95.5864	95.6724	95.5230	95.5673	95.5696	95.5345	95.6237	95.5986	95.5302	97.9625	95.5518	95.5505	95.5399	95.4438	95.4310	95.6333	95.5521	95.5893	98.1380	95.5760	95.6235	95.5234	95.5415	98.0288	95.5948	95.6945	98.0980	98.0278	98.1082	95.4846	95.4938	100.0000	95.6038	95.4559	95.5729	98.2033	95.4969	98.2401	95.6149	97.9483	91.1514	95.4917	94.8695	98.0028	93.4543	95.4703
mullis2019_18057	80.3193	80.4025	80.4436	80.2988	80.4175	80.2683	80.3119	80.3815	80.3326	80.2453	NA	NA	NA	NA	80.5047	80.5262	80.7005	80.5768	80.6614	98.3477	97.0367	98.3620	95.6352	96.4250	81.9548	81.9903	81.7161	81.6987	81.7953	81.0909	81.3798	81.2449	81.3554	81.3227	99.9561	98.3625	98.4101	98.2257	98.3902	98.3864	98.3025	98.1994	98.3818	98.3057	98.4406	95.3428	98.2062	98.2990	98.3700	98.2279	98.2660	98.3760	98.3752	98.2896	95.4271	98.3820	98.2841	98.3115	98.3895	95.7206	98.4264	98.2268	95.4066	95.7067	95.4843	98.3987	98.3380	95.6247	100.0000	98.3071	98.3772	95.5387	98.1999	95.4881	99.9985	95.3138	92.4970	97.1176	97.7800	95.7974	95.3351	98.1862
mullis2019_18058	80.3086	80.4775	80.3263	80.3369	80.3943	80.1388	80.2877	80.3368	80.2764	80.2126	NA	NA	NA	NA	80.3340	80.3483	80.3633	80.3704	80.4622	98.4682	97.1068	98.4607	95.4882	96.3816	81.8546	81.7587	81.7048	81.9604	81.7725	81.2262	81.1728	81.0981	81.2099	81.2092	98.3550	98.5305	98.4308	98.2553	98.5625	98.4566	98.5145	98.3227	98.5245	98.4828	98.5368	95.2663	98.3140	98.7719	98.5272	98.4143	98.4497	98.5584	99.3611	98.2992	95.2966	99.3272	98.4475	99.2224	98.9419	95.5701	98.5888	98.3864	95.3501	95.5524	95.3727	98.5938	99.9918	95.4482	98.3514	100.0000	98.5374	95.4263	98.3388	95.3167	98.3602	95.2660	92.6594	97.1216	97.7598	95.6075	95.5481	98.3484
mullis2019_18059	80.1795	80.1686	80.2546	80.1665	80.1254	80.2090	80.2778	80.2277	80.1585	80.1368	NA	NA	NA	NA	80.2717	80.2810	80.4025	80.3518	80.3372	98.6041	97.1565	98.6441	95.6491	96.4725	81.6822	81.7525	81.5622	81.7537	81.7817	80.9322	81.2287	80.9421	81.1459	81.0918	98.4318	99.1993	98.4908	98.3249	98.5994	98.5779	98.6705	98.4096	99.1298	98.5826	99.6598	95.4054	98.3705	98.5253	98.6429	98.4877	98.4324	99.1432	98.5668	98.3514	95.4540	98.5363	98.4850	98.4951	98.5509	95.7391	99.2308	98.4191	95.4959	95.7112	95.5226	98.6525	98.5846	95.6250	98.4735	98.5348	100.0000	95.5113	98.3832	95.4297	98.4680	95.3944	92.8795	97.5736	98.8036	95.8012	95.8799	98.3662
mullis2019_18060	80.3024	80.2067	80.2233	80.1703	80.2299	80.2243	80.2538	80.2074	80.2746	80.2533	NA	NA	NA	NA	80.4744	80.4773	80.3588	80.5172	81.7015	95.4566	96.4759	95.4380	98.0247	97.0788	81.3803	81.4256	81.4688	81.4449	81.4055	81.1879	81.2361	81.1012	81.1656	81.2997	95.5108	95.4884	95.4352	95.5358	95.4605	95.4981	95.4132	95.4719	95.5194	95.5215	95.4966	97.9792	95.4576	95.4442	95.5268	95.2812	95.2904	95.5350	95.4449	95.6074	98.1730	95.4057	95.5129	95.4349	95.4467	98.0312	95.4169	95.5992	98.1578	98.0063	98.4698	95.4241	95.3612	98.2006	95.5104	95.3956	95.5335	100.0000	95.4344	98.2254	95.5148	98.0255	91.0562	95.3796	94.9307	97.9980	93.2647	95.3573
mullis2019_18061	80.5053	80.4194	80.3942	80.1909	80.3706	80.3660	80.2543	80.3922	80.2387	80.3547	NA	NA	NA	NA	80.4734	80.4366	80.4672	80.5274	80.3257	98.2071	97.0680	98.2828	95.4739	96.2174	81.8571	81.9081	81.6367	81.8464	81.9034	81.0039	81.3676	81.0150	81.3344	81.0779	98.1954	98.2620	98.3537	98.4944	98.2783	98.2368	98.2249	98.2109	98.2697	98.2554	98.3674	95.1541	98.5011	98.2854	98.3737	98.3226	98.3516	98.2778	98.3657	98.2277	95.3450	98.3075	98.1776	98.2943	98.3544	95.5638	98.3563	98.2027	95.3510	95.5836	95.4345	98.3091	98.3350	95.4822	98.2341	98.3424	98.3180	95.4051	100.0000	95.3158	98.2312	95.1803	93.1486	97.5801	97.6939	95.6243	95.7121	99.9542
mullis2019_18062	80.1980	80.1640	80.3788	80.1776	80.2126	80.3202	80.4659	80.3800	80.3427	80.1553	NA	NA	NA	NA	80.5710	80.6988	80.6980	80.6706	80.5907	95.3078	96.4905	95.4279	98.0808	97.0050	81.5921	81.5137	81.5242	81.4406	81.5634	81.1888	81.2238	81.3484	81.3229	81.3613	95.5034	95.4441	95.4467	95.5256	95.4097	95.4515	95.4135	95.3588	95.5097	95.4467	95.4676	98.1098	95.3844	95.3902	95.4699	95.3347	95.3567	95.4747	95.3676	95.5235	98.2297	95.3824	95.5817	95.4052	95.3965	98.0278	95.4563	95.5015	98.1886	98.0599	98.2330	95.4057	95.3056	98.2655	95.4732	95.2962	95.4340	98.2620	95.3450	100.0000	95.4634	98.0981	91.0404	95.3432	94.7777	97.9991	93.3433	95.3115
mullis2019_18063	80.3242	80.3682	80.4013	80.2553	80.4150	80.2429	80.3189	80.3267	80.2971	80.2471	NA	NA	NA	NA	80.4532	80.5010	80.7046	80.5657	80.6548	98.3372	97.0454	98.3648	95.6435	96.4357	81.9483	81.9848	81.6973	81.6965	81.8022	81.1212	81.4023	81.2411	81.3290	81.3123	99.9515	98.3611	98.4078	98.2242	98.3961	98.3815	98.3069	98.1940	98.3775	98.3019	98.4346	95.3535	98.2095	98.3027	98.3671	98.2232	98.2659	98.3842	98.3752	98.2905	95.4252	98.3903	98.2856	98.3131	98.3765	95.7136	98.4098	98.2202	95.4068	95.7035	95.4771	98.4026	98.3375	95.6313	99.9981	98.3067	98.3714	95.5297	98.1893	95.4820	100.0000	95.3065	92.4878	97.1685	97.8149	95.8127	95.3785	98.2005
mullis2019_18064	80.1125	80.0142	80.2932	80.0821	80.1017	79.9933	80.0842	80.1296	80.1068	80.1834	NA	NA	NA	NA	80.6097	80.4854	80.6300	80.6502	80.3443	95.3558	96.3015	95.2405	97.7645	96.8629	81.4663	81.5247	81.6800	81.4645	81.4405	81.1249	81.1276	81.1393	81.1956	81.1657	95.3230	95.3895	95.3543	95.4039	95.2954	95.3592	95.3168	95.3755	95.4232	95.3618	95.3265	99.9569	95.3385	95.2318	95.3062	95.1885	95.2456	95.3680	95.3127	95.3924	97.9790	95.2706	95.3734	95.3267	95.3364	97.8074	95.3496	95.4208	98.0650	97.8615	98.0033	95.2702	95.2736	97.9790	95.3864	95.2173	95.3256	98.0491	95.1606	98.0595	95.3567	100.0000	90.8862	95.1849	94.7486	97.7706	93.1762	95.2045
Buck_BI0607_1_WKDL250009588-1A_233TFCLT4_L7	79.0713	79.3196	79.5132	79.0400	79.1637	79.2943	79.4508	79.6987	79.4076	79.3306	NA	NA	NA	NA	79.3686	79.4691	79.4642	79.3014	79.4144	91.0768	90.5798	91.0722	90.2572	90.4240	97.4757	97.4389	97.5674	97.3743	97.6034	94.6010	93.4345	94.7408	94.6918	95.1371	91.4117	91.5774	91.1887	91.0767	91.3268	91.2825	91.3695	91.2883	91.4794	91.1669	91.6311	89.9448	91.2471	91.2120	91.3394	91.2031	91.0836	91.4786	91.2581	91.0540	90.0848	91.3294	91.1014	91.4109	91.3614	90.6612	91.5060	91.2673	90.1112	90.5541	90.0118	91.3420	91.3963	90.0901	91.3053	91.4433	91.5309	89.9475	91.4726	89.9001	91.3225	89.8558	100.0000	97.3310	97.7232	95.3018	95.9726	92.0455
Buck_BI0607_2_WKDL250009588-1A_233TFCLT4_L7	NA	NA	NA	NA	NA	NA	NA	NA	NA	NA	NA	NA	NA	NA	NA	NA	NA	NA	NA	97.7673	96.7791	97.6705	96.2305	96.2960	NA	83.1267	82.9950	83.0752	83.0985	NA	NA	NA	82.1682	82.0665	97.7339	98.0272	97.6433	97.7061	97.6748	97.7830	97.8020	97.6116	98.0708	97.7803	98.4046	95.6530	97.8394	97.5927	97.8710	97.5415	97.5255	98.0731	97.6509	97.6929	95.8265	97.7174	97.6753	97.6756	97.6734	96.7089	98.0624	97.7628	95.8236	96.7115	95.8906	97.8743	97.7217	95.8627	97.6939	97.6579	98.2994	95.8710	98.1944	95.9745	97.7302	95.7352	97.7104	100.0000	98.8133	97.8063	97.6562	98.2034
Buck_BS0607_9_WKDL250009588-1A_233TFCLT4_L7	NA	NA	NA	NA	NA	NA	NA	NA	NA	NA	NA	NA	NA	NA	NA	NA	NA	NA	NA	98.0614	96.5730	98.1319	95.2206	96.0627	82.5596	82.6243	82.6492	82.6380	82.6570	81.8576	81.9321	81.8641	82.0534	81.8249	97.9096	98.4817	97.9776	97.7242	98.0350	98.1588	98.2062	97.8362	98.5219	98.0643	99.3291	95.1079	97.9196	98.0423	98.1067	97.6805	97.6069	98.5322	98.0329	97.8754	95.0445	97.9812	97.9237	98.0833	98.1121	95.6339	98.7844	98.0299	95.0960	95.6911	95.1680	98.1741	97.9505	95.1744	97.8660	97.9620	99.0968	95.1850	97.9728	95.1549	97.8597	94.9858	97.6994	98.4350	100.0000	97.7306	98.0309	97.9660
Buck_CB0707_82_WKDL250009588-1A_233TFCLT4_L7	80.1514	79.9643	79.9944	79.9628	80.1145	79.9685	79.9107	80.1886	79.9595	80.0639	NA	NA	NA	NA	80.4027	80.3868	80.5152	80.3832	80.3888	95.6450	96.5222	95.6167	99.1345	96.9143	81.8609	82.0265	81.5107	81.8707	81.8182	81.2326	81.4487	81.3313	81.5621	81.4994	95.7286	95.7612	95.6823	95.8225	95.6843	95.7163	95.6438	95.6226	95.7563	95.7514	95.7388	97.7608	95.6903	95.6158	95.6817	95.5651	95.5947	95.7595	95.7150	95.7847	97.9129	95.6925	95.8005	95.6482	95.7168	99.9690	95.7444	95.8723	97.9247	99.9678	97.9665	95.6356	95.5963	98.0472	95.7731	95.5900	95.7857	98.0263	95.6352	98.0126	95.7529	97.7314	96.0546	97.7909	97.9810	100.0000	96.6925	95.7426
Buck_NB0507_14_WKDL250009588-1A_233TFCLT4_L7	90.0765	89.9190	89.7877	89.6791	89.7476	94.3735	94.5080	94.0019	94.5355	94.1080	NA	NA	NA	NA	85.2909	85.1625	85.2286	85.1906	85.2996	95.0010	93.7482	94.8600	93.4005	93.6366	81.4501	81.6123	81.6400	81.6848	81.6101	80.7492	80.6522	80.8733	81.0402	81.0692	94.7561	95.1420	94.9004	94.7205	94.9121	94.9667	94.8901	94.6507	95.1664	94.8784	95.5057	93.0498	94.9809	94.8471	94.9406	94.6170	94.5824	95.0364	94.9334	94.6853	93.1527	94.9464	94.7488	94.9764	94.9705	93.6705	95.1863	94.7052	93.0204	93.6212	92.8177	94.9161	94.9438	93.1473	94.7604	94.7626	95.3489	93.0249	95.3413	93.0264	94.7027	92.8158	96.0926	97.6135	98.2789	96.3796	100.0000	95.4618
Buck_NB0507_8_WKDL250009588-1A_233TFCLT4_L7	80.2608	80.3142	80.3422	79.9828	80.2096	80.2223	80.0724	80.3186	80.1283	80.2257	NA	NA	NA	NA	80.5124	80.3108	80.4764	80.5487	80.4741	98.2529	97.0517	98.2473	95.4285	96.2233	81.9567	81.9100	81.7011	81.9809	81.9272	81.2177	81.4717	81.1456	81.3482	81.2461	98.1813	98.2749	98.3355	98.4659	98.2726	98.2221	98.2676	98.2367	98.2757	98.2627	98.3300	95.1119	98.5104	98.2449	98.3154	98.2540	98.3199	98.2733	98.3295	98.2157	95.2805	98.2766	98.1861	98.2480	98.3250	95.5318	98.3638	98.2350	95.2980	95.6006	95.3804	98.2538	98.3193	95.4396	98.1240	98.3493	98.3034	95.4007	99.9675	95.2774	98.1219	95.2031	93.2566	97.4952	97.7441	95.6492	96.1331	100.0000
