sample_id	read1	read2
Buck_BS0607_9_WKDL250009588-1A_233TFCLT4_L7_25x	kraken2_vibrio_subsampled_reads/subsampled_reads/Buck_BS0607_9_WKDL250009588-1A_233TFCLT4_L7_25x_1_paired.fq.gz	kraken2_vibrio_subsampled_reads/subsampled_reads/Buck_BS0607_9_WKDL250009588-1A_233TFCLT4_L7_25x_2_paired.fq.gz
Buck_BS0607_9_WKDL250009588-1A_233TFCLT4_L7_50x	kraken2_vibrio_subsampled_reads/subsampled_reads/Buck_BS0607_9_WKDL250009588-1A_233TFCLT4_L7_50x_1_paired.fq.gz	kraken2_vibrio_subsampled_reads/subsampled_reads/Buck_BS0607_9_WKDL250009588-1A_233TFCLT4_L7_50x_2_paired.fq.gz
Buck_BS0607_9_WKDL250009588-1A_233TFCLT4_L7_100x	kraken2_vibrio_subsampled_reads/subsampled_reads/Buck_BS0607_9_WKDL250009588-1A_233TFCLT4_L7_100x_1_paired.fq.gz	kraken2_vibrio_subsampled_reads/subsampled_reads/Buck_BS0607_9_WKDL250009588-1A_233TFCLT4_L7_100x_2_paired.fq.gz
Buck_CB0707_82_WKDL250009588-1A_233TFCLT4_L7_25x	kraken2_vibrio_subsampled_reads/subsampled_reads/Buck_CB0707_82_WKDL250009588-1A_233TFCLT4_L7_25x_1_paired.fq.gz	kraken2_vibrio_subsampled_reads/subsampled_reads/Buck_CB0707_82_WKDL250009588-1A_233TFCLT4_L7_25x_2_paired.fq.gz
Buck_CB0707_82_WKDL250009588-1A_233TFCLT4_L7_50x	kraken2_vibrio_subsampled_reads/subsampled_reads/Buck_CB0707_82_WKDL250009588-1A_233TFCLT4_L7_50x_1_paired.fq.gz	kraken2_vibrio_subsampled_reads/subsampled_reads/Buck_CB0707_82_WKDL250009588-1A_233TFCLT4_L7_50x_2_paired.fq.gz
Buck_CB0707_82_WKDL250009588-1A_233TFCLT4_L7_100x	kraken2_vibrio_subsampled_reads/subsampled_reads/Buck_CB0707_82_WKDL250009588-1A_233TFCLT4_L7_100x_1_paired.fq.gz	kraken2_vibrio_subsampled_reads/subsampled_reads/Buck_CB0707_82_WKDL250009588-1A_233TFCLT4_L7_100x_2_paired.fq.gz
Buck_NB0507_8_WKDL250009588-1A_233TFCLT4_L7_25x	kraken2_vibrio_subsampled_reads/subsampled_reads/Buck_NB0507_8_WKDL250009588-1A_233TFCLT4_L7_25x_1_paired.fq.gz	kraken2_vibrio_subsampled_reads/subsampled_reads/Buck_NB0507_8_WKDL250009588-1A_233TFCLT4_L7_25x_2_paired.fq.gz
Buck_NB0507_8_WKDL250009588-1A_233TFCLT4_L7_50x	kraken2_vibrio_subsampled_reads/subsampled_reads/Buck_NB0507_8_WKDL250009588-1A_233TFCLT4_L7_50x_1_paired.fq.gz	kraken2_vibrio_subsampled_reads/subsampled_reads/Buck_NB0507_8_WKDL250009588-1A_233TFCLT4_L7_50x_2_paired.fq.gz
Buck_NB0507_8_WKDL250009588-1A_233TFCLT4_L7_100x	kraken2_vibrio_subsampled_reads/subsampled_reads/Buck_NB0507_8_WKDL250009588-1A_233TFCLT4_L7_100x_1_paired.fq.gz	kraken2_vibrio_subsampled_reads/subsampled_reads/Buck_NB0507_8_WKDL250009588-1A_233TFCLT4_L7_100x_2_paired.fq.gz
